"","agency_cd","site_no","Date","X_00060_00003","X_00060_00003_cd"
"1","USGS","03321500",2013-08-10,5780,"A R"
"2","USGS","03321500",2013-08-11,8980,"A"
"3","USGS","03321500",2013-08-12,9530,"A"
"4","USGS","03321500",2013-08-13,10100,"A"
"5","USGS","03321500",2013-08-14,10400,"A"
"6","USGS","03321500",2013-08-15,10600,"A"
"7","USGS","03321500",2013-08-16,10300,"A"
"8","USGS","03321500",2013-08-17,9060,"A"
"9","USGS","03321500",2013-08-18,11000,"A"
"10","USGS","03321500",2013-08-19,13600,"A"
"11","USGS","03321500",2013-08-20,11500,"A"
"12","USGS","03321500",2013-08-21,8360,"A"
"13","USGS","03321500",2013-08-22,6190,"A"
"14","USGS","03321500",2013-08-23,4650,"A R"
"15","USGS","03321500",2013-08-24,4150,"A R"
"16","USGS","03321500",2013-08-25,4170,"A R"
"17","USGS","03321500",2013-08-26,4110,"A R"
"18","USGS","03321500",2013-08-27,3650,"A R"
"19","USGS","03321500",2013-08-28,2990,"A R"
"20","USGS","03321500",2013-08-29,2420,"A R"
"21","USGS","03321500",2013-08-30,2050,"A R"
"22","USGS","03321500",2013-08-31,1780,"A R"
"23","USGS","03321500",2013-09-01,5910,"A R"
"24","USGS","03321500",2013-09-02,3980,"A R"
"25","USGS","03321500",2013-09-03,3860,"A R"
"26","USGS","03321500",2013-09-04,6300,"A"
"27","USGS","03321500",2013-09-05,6010,"A"
"28","USGS","03321500",2013-09-06,4230,"A R"
"29","USGS","03321500",2013-09-07,3050,"A R"
"30","USGS","03321500",2013-09-08,2390,"A R"
"31","USGS","03321500",2013-09-09,2080,"A R"
"32","USGS","03321500",2013-09-10,1790,"A R"
"33","USGS","03321500",2013-09-11,1530,"A R"
"34","USGS","03321500",2013-09-12,1360,"A R"
"35","USGS","03321500",2013-09-13,1350,"A R"
"36","USGS","03321500",2013-09-14,1600,"A R"
"37","USGS","03321500",2013-09-15,1850,"A R"
"38","USGS","03321500",2013-09-16,1770,"A R"
"39","USGS","03321500",2013-09-17,1640,"A R"
"40","USGS","03321500",2013-09-18,1490,"A R"
"41","USGS","03321500",2013-09-19,1330,"A R"
"42","USGS","03321500",2013-09-20,1430,"A R"
"43","USGS","03321500",2013-09-21,3990,"A R"
"44","USGS","03321500",2013-09-22,5310,"A R"
"45","USGS","03321500",2013-09-23,6010,"A"
"46","USGS","03321500",2013-09-24,6300,"A"
"47","USGS","03321500",2013-09-25,6220,"A"
"48","USGS","03321500",2013-09-26,5160,"A R"
"49","USGS","03321500",2013-09-27,3790,"A R"
"50","USGS","03321500",2013-09-28,2640,"A R"
"51","USGS","03321500",2013-09-29,2060,"A R"
"52","USGS","03321500",2013-09-30,1910,"A R"
"53","USGS","03321500",2013-10-01,1630,"A R"
"54","USGS","03321500",2013-10-02,1450,"A R"
"55","USGS","03321500",2013-10-03,1410,"A R"
"56","USGS","03321500",2013-10-04,1470,"A R"
"57","USGS","03321500",2013-10-05,2040,"A R"
"58","USGS","03321500",2013-10-06,21600,"A"
"59","USGS","03321500",2013-10-07,19900,"A"
"60","USGS","03321500",2013-10-08,15500,"A"
"61","USGS","03321500",2013-10-09,11000,"A"
"62","USGS","03321500",2013-10-10,9500,"A"
"63","USGS","03321500",2013-10-11,8790,"A"
"64","USGS","03321500",2013-10-12,7570,"A"
"65","USGS","03321500",2013-10-13,6820,"A"
"66","USGS","03321500",2013-10-14,5290,"A R"
"67","USGS","03321500",2013-10-15,3690,"A R"
"68","USGS","03321500",2013-10-16,2580,"A R"
"69","USGS","03321500",2013-10-17,1980,"A R"
"70","USGS","03321500",2013-10-18,1750,"A R"
"71","USGS","03321500",2013-10-19,1590,"A R"
"72","USGS","03321500",2013-10-20,1630,"A R"
"73","USGS","03321500",2013-10-21,1670,"A R"
"74","USGS","03321500",2013-10-22,1790,"A R"
"75","USGS","03321500",2013-10-23,2500,"A R"
"76","USGS","03321500",2013-10-24,4530,"A e"
"77","USGS","03321500",2013-10-25,5960,"A e"
"78","USGS","03321500",2013-10-26,6080,"A"
"79","USGS","03321500",2013-10-27,6080,"A"
"80","USGS","03321500",2013-10-28,6040,"A"
"81","USGS","03321500",2013-10-29,5940,"A"
"82","USGS","03321500",2013-10-30,6150,"A"
"83","USGS","03321500",2013-10-31,6190,"A"
"84","USGS","03321500",2013-11-01,6680,"A"
"85","USGS","03321500",2013-11-02,8290,"A"
"86","USGS","03321500",2013-11-03,8830,"A"
"87","USGS","03321500",2013-11-04,8850,"A"
"88","USGS","03321500",2013-11-05,8820,"A"
"89","USGS","03321500",2013-11-06,8620,"A"
"90","USGS","03321500",2013-11-07,9310,"A"
"91","USGS","03321500",2013-11-08,11600,"A"
"92","USGS","03321500",2013-11-09,12400,"A"
"93","USGS","03321500",2013-11-10,12600,"A"
"94","USGS","03321500",2013-11-11,13700,"A"
"95","USGS","03321500",2013-11-12,13800,"A"
"96","USGS","03321500",2013-11-13,12500,"A"
"97","USGS","03321500",2013-11-14,10100,"A"
"98","USGS","03321500",2013-11-15,8290,"A"
"99","USGS","03321500",2013-11-16,7660,"A"
"100","USGS","03321500",2013-11-17,13300,"A"
"101","USGS","03321500",2013-11-18,17900,"A"
"102","USGS","03321500",2013-11-19,22300,"A"
"103","USGS","03321500",2013-11-20,22000,"A"
"104","USGS","03321500",2013-11-21,19400,"A"
"105","USGS","03321500",2013-11-22,17600,"A"
"106","USGS","03321500",2013-11-23,15000,"A"
"107","USGS","03321500",2013-11-24,13200,"A"
"108","USGS","03321500",2013-11-25,12200,"A"
"109","USGS","03321500",2013-11-26,11500,"A"
"110","USGS","03321500",2013-11-27,10700,"A"
"111","USGS","03321500",2013-11-28,10400,"A"
"112","USGS","03321500",2013-11-29,9730,"A"
"113","USGS","03321500",2013-11-30,8940,"A"
"114","USGS","03321500",2013-12-01,7770,"A"
"115","USGS","03321500",2013-12-02,6970,"A"
"116","USGS","03321500",2013-12-03,6170,"A"
"117","USGS","03321500",2013-12-04,5470,"A"
"118","USGS","03321500",2013-12-05,4970,"A R"
"119","USGS","03321500",2013-12-06,5280,"A R"
"120","USGS","03321500",2013-12-07,9340,"A"
"121","USGS","03321500",2013-12-08,17800,"A"
"122","USGS","03321500",2013-12-09,23100,"A"
"123","USGS","03321500",2013-12-10,23700,"A"
"124","USGS","03321500",2013-12-11,25100,"A"
"125","USGS","03321500",2013-12-12,27600,"A"
"126","USGS","03321500",2013-12-13,30000,"A"
"127","USGS","03321500",2013-12-14,32100,"A"
"128","USGS","03321500",2013-12-15,32600,"A"
"129","USGS","03321500",2013-12-16,29700,"A"
"130","USGS","03321500",2013-12-17,26400,"A"
"131","USGS","03321500",2013-12-18,21800,"A"
"132","USGS","03321500",2013-12-19,18800,"A"
"133","USGS","03321500",2013-12-20,17700,"A"
"134","USGS","03321500",2013-12-21,23600,"A e"
"135","USGS","03321500",2013-12-22,38900,"A e"
"136","USGS","03321500",2013-12-23,39100,"A e"
"137","USGS","03321500",2013-12-24,37300,"A e"
"138","USGS","03321500",2013-12-25,36100,"A"
"139","USGS","03321500",2013-12-26,34600,"A"
"140","USGS","03321500",2013-12-27,30800,"A"
"141","USGS","03321500",2013-12-28,30300,"A"
"142","USGS","03321500",2013-12-29,28900,"A"
"143","USGS","03321500",2013-12-30,33100,"A"
"144","USGS","03321500",2013-12-31,33200,"A"
"145","USGS","03321500",2014-01-01,30700,"A"
"146","USGS","03321500",2014-01-02,24300,"A"
"147","USGS","03321500",2014-01-03,22000,"A"
"148","USGS","03321500",2014-01-04,20500,"A"
"149","USGS","03321500",2014-01-05,21700,"A"
"150","USGS","03321500",2014-01-06,21000,"A"
"151","USGS","03321500",2014-01-07,18700,"A"
"152","USGS","03321500",2014-01-08,16300,"A"
"153","USGS","03321500",2014-01-09,14800,"A"
"154","USGS","03321500",2014-01-10,13400,"A"
"155","USGS","03321500",2014-01-11,19100,"A"
"156","USGS","03321500",2014-01-12,22300,"A"
"157","USGS","03321500",2014-01-13,22000,"A"
"158","USGS","03321500",2014-01-14,25300,"A"
"159","USGS","03321500",2014-01-15,28100,"A"
"160","USGS","03321500",2014-01-16,28300,"A"
"161","USGS","03321500",2014-01-17,29800,"A"
"162","USGS","03321500",2014-01-18,29300,"A"
"163","USGS","03321500",2014-01-19,28000,"A"
"164","USGS","03321500",2014-01-20,27500,"A"
"165","USGS","03321500",2014-01-21,23700,"A"
"166","USGS","03321500",2014-01-22,20400,"A"
"167","USGS","03321500",2014-01-23,14700,"A"
"168","USGS","03321500",2014-01-24,11100,"A"
"169","USGS","03321500",2014-01-25,9120,"A"
"170","USGS","03321500",2014-01-26,7820,"A"
"171","USGS","03321500",2014-01-27,6950,"A"
"172","USGS","03321500",2014-01-28,6390,"A"
"173","USGS","03321500",2014-01-29,5920,"A"
"174","USGS","03321500",2014-01-30,5400,"A"
"175","USGS","03321500",2014-01-31,4940,"A"
"176","USGS","03321500",2014-02-01,4780,"A R"
"177","USGS","03321500",2014-02-02,5140,"A R"
"178","USGS","03321500",2014-02-03,7180,"A"
"179","USGS","03321500",2014-02-04,13200,"A"
"180","USGS","03321500",2014-02-05,26900,"A"
"181","USGS","03321500",2014-02-06,38200,"A"
"182","USGS","03321500",2014-02-07,40400,"A"
"183","USGS","03321500",2014-02-08,41100,"A"
"184","USGS","03321500",2014-02-09,43700,"A e"
"185","USGS","03321500",2014-02-10,48100,"A e"
"186","USGS","03321500",2014-02-11,53600,"A e"
"187","USGS","03321500",2014-02-12,51900,"A"
"188","USGS","03321500",2014-02-13,42500,"A"
"189","USGS","03321500",2014-02-14,32700,"A"
"190","USGS","03321500",2014-02-15,28700,"A"
"191","USGS","03321500",2014-02-16,28300,"A"
"192","USGS","03321500",2014-02-17,28600,"A"
"193","USGS","03321500",2014-02-18,32600,"A"
"194","USGS","03321500",2014-02-19,34000,"A"
"195","USGS","03321500",2014-02-20,31300,"A"
"196","USGS","03321500",2014-02-21,31700,"A"
"197","USGS","03321500",2014-02-22,28600,"A"
"198","USGS","03321500",2014-02-23,26900,"A"
"199","USGS","03321500",2014-02-24,26800,"A"
"200","USGS","03321500",2014-02-25,24400,"A"
"201","USGS","03321500",2014-02-26,21000,"A"
"202","USGS","03321500",2014-02-27,22100,"A"
"203","USGS","03321500",2014-02-28,27000,"A"
"204","USGS","03321500",2014-03-01,30300,"A"
"205","USGS","03321500",2014-03-02,29800,"A"
"206","USGS","03321500",2014-03-03,31500,"A"
"207","USGS","03321500",2014-03-04,33600,"A"
"208","USGS","03321500",2014-03-05,34500,"A"
"209","USGS","03321500",2014-03-06,35400,"A"
"210","USGS","03321500",2014-03-07,35100,"A"
"211","USGS","03321500",2014-03-08,36200,"A"
"212","USGS","03321500",2014-03-09,37000,"A"
"213","USGS","03321500",2014-03-10,36900,"A"
"214","USGS","03321500",2014-03-11,37200,"A"
"215","USGS","03321500",2014-03-12,36900,"A"
"216","USGS","03321500",2014-03-13,34000,"A"
"217","USGS","03321500",2014-03-14,27500,"A"
"218","USGS","03321500",2014-03-15,21400,"A"
"219","USGS","03321500",2014-03-16,16400,"A"
"220","USGS","03321500",2014-03-17,15500,"A"
"221","USGS","03321500",2014-03-18,15500,"A"
"222","USGS","03321500",2014-03-19,15100,"A"
"223","USGS","03321500",2014-03-20,12800,"A"
"224","USGS","03321500",2014-03-21,10200,"A"
"225","USGS","03321500",2014-03-22,8940,"A"
"226","USGS","03321500",2014-03-23,8110,"A"
"227","USGS","03321500",2014-03-24,7430,"A"
"228","USGS","03321500",2014-03-25,6640,"A"
"229","USGS","03321500",2014-03-26,5830,"A"
"230","USGS","03321500",2014-03-27,5050,"A"
"231","USGS","03321500",2014-03-28,5120,"A R"
"232","USGS","03321500",2014-03-29,9040,"A"
"233","USGS","03321500",2014-03-30,15100,"A"
"234","USGS","03321500",2014-03-31,14200,"A"
"235","USGS","03321500",2014-04-01,12300,"A"
"236","USGS","03321500",2014-04-02,8920,"A"
"237","USGS","03321500",2014-04-03,20000,"A"
"238","USGS","03321500",2014-04-04,39800,"A"
"239","USGS","03321500",2014-04-05,40000,"A"
"240","USGS","03321500",2014-04-06,42800,"A"
"241","USGS","03321500",2014-04-07,45500,"A"
"242","USGS","03321500",2014-04-08,48500,"A"
"243","USGS","03321500",2014-04-09,47800,"A"
"244","USGS","03321500",2014-04-10,40900,"A"
"245","USGS","03321500",2014-04-11,43700,"A"
"246","USGS","03321500",2014-04-12,38200,"A"
"247","USGS","03321500",2014-04-13,32800,"A"
"248","USGS","03321500",2014-04-14,29900,"A"
"249","USGS","03321500",2014-04-15,28200,"A"
"250","USGS","03321500",2014-04-16,26000,"A"
"251","USGS","03321500",2014-04-17,22700,"A"
"252","USGS","03321500",2014-04-18,19100,"A"
"253","USGS","03321500",2014-04-19,14700,"A"
"254","USGS","03321500",2014-04-20,11200,"A"
"255","USGS","03321500",2014-04-21,9200,"A"
"256","USGS","03321500",2014-04-22,8110,"A"
"257","USGS","03321500",2014-04-23,7070,"A"
"258","USGS","03321500",2014-04-24,6330,"A"
"259","USGS","03321500",2014-04-25,6280,"A"
"260","USGS","03321500",2014-04-26,6100,"A"
"261","USGS","03321500",2014-04-27,6000,"A e"
"262","USGS","03321500",2014-04-28,12100,"A e"
"263","USGS","03321500",2014-04-29,20200,"A e"
"264","USGS","03321500",2014-04-30,30300,"A e"
"265","USGS","03321500",2014-05-01,35200,"A e"
"266","USGS","03321500",2014-05-02,38300,"A"
"267","USGS","03321500",2014-05-03,34700,"A"
"268","USGS","03321500",2014-05-04,30100,"A"
"269","USGS","03321500",2014-05-05,27500,"A"
"270","USGS","03321500",2014-05-06,29300,"A"
"271","USGS","03321500",2014-05-07,28800,"A"
"272","USGS","03321500",2014-05-08,25100,"A"
"273","USGS","03321500",2014-05-09,20900,"A"
"274","USGS","03321500",2014-05-10,18800,"A"
"275","USGS","03321500",2014-05-11,25000,"A"
"276","USGS","03321500",2014-05-12,26100,"A"
"277","USGS","03321500",2014-05-13,22500,"A"
"278","USGS","03321500",2014-05-14,20100,"A"
"279","USGS","03321500",2014-05-15,25900,"A"
"280","USGS","03321500",2014-05-16,26300,"A"
"281","USGS","03321500",2014-05-17,30600,"A"
"282","USGS","03321500",2014-05-18,32400,"A"
"283","USGS","03321500",2014-05-19,28200,"A"
"284","USGS","03321500",2014-05-20,21800,"A"
"285","USGS","03321500",2014-05-21,17400,"A"
"286","USGS","03321500",2014-05-22,15800,"A"
"287","USGS","03321500",2014-05-23,14300,"A"
"288","USGS","03321500",2014-05-24,14800,"A"
"289","USGS","03321500",2014-05-25,14000,"A"
"290","USGS","03321500",2014-05-26,12600,"A"
"291","USGS","03321500",2014-05-27,10300,"A"
"292","USGS","03321500",2014-05-28,8510,"A e"
"293","USGS","03321500",2014-05-29,6030,"A e"
"294","USGS","03321500",2014-05-30,5460,"A"
"295","USGS","03321500",2014-05-31,5200,"A"
"296","USGS","03321500",2014-06-01,4960,"A"
"297","USGS","03321500",2014-06-02,4990,"A"
"298","USGS","03321500",2014-06-03,5670,"A"
"299","USGS","03321500",2014-06-04,4920,"A R"
"300","USGS","03321500",2014-06-05,5390,"A"
"301","USGS","03321500",2014-06-06,5170,"A R"
"302","USGS","03321500",2014-06-07,4590,"A R"
"303","USGS","03321500",2014-06-08,4200,"A R"
"304","USGS","03321500",2014-06-09,3920,"A R"
"305","USGS","03321500",2014-06-10,3780,"A R"
"306","USGS","03321500",2014-06-11,4190,"A R"
"307","USGS","03321500",2014-06-12,5100,"A R"
"308","USGS","03321500",2014-06-13,4210,"A R"
"309","USGS","03321500",2014-06-14,3980,"A R"
"310","USGS","03321500",2014-06-15,3850,"A R"
"311","USGS","03321500",2014-06-16,3610,"A R"
"312","USGS","03321500",2014-06-17,3290,"A R"
"313","USGS","03321500",2014-06-18,3010,"A R"
"314","USGS","03321500",2014-06-19,2710,"A R"
"315","USGS","03321500",2014-06-20,2470,"A R"
"316","USGS","03321500",2014-06-21,2220,"A R"
"317","USGS","03321500",2014-06-22,2040,"A R"
"318","USGS","03321500",2014-06-23,1850,"A R"
"319","USGS","03321500",2014-06-24,2090,"A R"
"320","USGS","03321500",2014-06-25,2220,"A R"
"321","USGS","03321500",2014-06-26,2510,"A R"
"322","USGS","03321500",2014-06-27,3110,"A R"
"323","USGS","03321500",2014-06-28,2640,"A R"
"324","USGS","03321500",2014-06-29,2290,"A R"
"325","USGS","03321500",2014-06-30,3110,"A R"
"326","USGS","03321500",2014-07-01,2440,"A R"
"327","USGS","03321500",2014-07-02,2170,"A R"
"328","USGS","03321500",2014-07-03,2290,"A R"
"329","USGS","03321500",2014-07-04,1830,"A R"
"330","USGS","03321500",2014-07-05,1540,"A R"
"331","USGS","03321500",2014-07-06,1410,"A R"
"332","USGS","03321500",2014-07-07,1340,"A R"
"333","USGS","03321500",2014-07-08,1450,"A R"
"334","USGS","03321500",2014-07-09,1460,"A R"
"335","USGS","03321500",2014-07-10,1470,"A R"
"336","USGS","03321500",2014-07-11,1430,"A R"
"337","USGS","03321500",2014-07-12,1380,"A R"
"338","USGS","03321500",2014-07-13,1330,"A R"
"339","USGS","03321500",2014-07-14,1330,"A R"
"340","USGS","03321500",2014-07-15,1210,"A R"
"341","USGS","03321500",2014-07-16,1180,"A R"
"342","USGS","03321500",2014-07-17,1130,"A R"
"343","USGS","03321500",2014-07-18,1070,"A R"
"344","USGS","03321500",2014-07-19,1000,"A R"
"345","USGS","03321500",2014-07-20,1010,"A R"
"346","USGS","03321500",2014-07-21,1030,"A R"
"347","USGS","03321500",2014-07-22,1030,"A R"
"348","USGS","03321500",2014-07-23,1010,"A R"
"349","USGS","03321500",2014-07-24,964,"A R"
"350","USGS","03321500",2014-07-25,952,"A R"
"351","USGS","03321500",2014-07-26,931,"A R"
"352","USGS","03321500",2014-07-27,978,"A R"
"353","USGS","03321500",2014-07-28,1010,"A R"
"354","USGS","03321500",2014-07-29,937,"A R"
"355","USGS","03321500",2014-07-30,903,"A R"
"356","USGS","03321500",2014-07-31,883,"A R"
"357","USGS","03321500",2014-08-01,879,"A R"
"358","USGS","03321500",2014-08-02,869,"A R"
"359","USGS","03321500",2014-08-03,870,"A R"
"360","USGS","03321500",2014-08-04,865,"A R"
"361","USGS","03321500",2014-08-05,864,"A R"
"362","USGS","03321500",2014-08-06,836,"A R"
"363","USGS","03321500",2014-08-07,855,"A R"
"364","USGS","03321500",2014-08-08,863,"A R"
"365","USGS","03321500",2014-08-09,1140,"A R"
"366","USGS","03321500",2014-08-10,1510,"A R"
"367","USGS","03321500",2014-08-11,1550,"A R"
"368","USGS","03321500",2014-08-12,1390,"A R"
"369","USGS","03321500",2014-08-13,1360,"A R"
"370","USGS","03321500",2014-08-14,1650,"A R"
"371","USGS","03321500",2014-08-15,2350,"A R"
"372","USGS","03321500",2014-08-16,2520,"A R"
"373","USGS","03321500",2014-08-17,3030,"A R"
"374","USGS","03321500",2014-08-18,6500,"A R"
"375","USGS","03321500",2014-08-19,5750,"A R"
"376","USGS","03321500",2014-08-20,4430,"A R"
"377","USGS","03321500",2014-08-21,4570,"A R"
"378","USGS","03321500",2014-08-22,4480,"A R"
"379","USGS","03321500",2014-08-23,4810,"A R"
"380","USGS","03321500",2014-08-24,5500,"A R"
"381","USGS","03321500",2014-08-25,4700,"A R"
"382","USGS","03321500",2014-08-26,4560,"A R"
"383","USGS","03321500",2014-08-27,5750,"A R"
"384","USGS","03321500",2014-08-28,5320,"A R"
"385","USGS","03321500",2014-08-29,4460,"A R"
"386","USGS","03321500",2014-08-30,3400,"A R"
"387","USGS","03321500",2014-08-31,2870,"A R"
"388","USGS","03321500",2014-09-01,2830,"A R"
"389","USGS","03321500",2014-09-02,3720,"A R"
"390","USGS","03321500",2014-09-03,4880,"A R"
"391","USGS","03321500",2014-09-04,5090,"A R"
"392","USGS","03321500",2014-09-05,5030,"A R"
"393","USGS","03321500",2014-09-06,4960,"A R"
"394","USGS","03321500",2014-09-07,4620,"A R"
"395","USGS","03321500",2014-09-08,4120,"A R"
"396","USGS","03321500",2014-09-09,3210,"A R"
"397","USGS","03321500",2014-09-10,2470,"A R"
"398","USGS","03321500",2014-09-11,2200,"A R"
"399","USGS","03321500",2014-09-12,1840,"A R"
"400","USGS","03321500",2014-09-13,1610,"A R"
"401","USGS","03321500",2014-09-14,1460,"A R"
"402","USGS","03321500",2014-09-15,1380,"A R"
"403","USGS","03321500",2014-09-16,1260,"A R"
"404","USGS","03321500",2014-09-17,1230,"A R"
"405","USGS","03321500",2014-09-18,1160,"A R"
"406","USGS","03321500",2014-09-19,1100,"A R"
"407","USGS","03321500",2014-09-20,1110,"A R"
"408","USGS","03321500",2014-09-21,1210,"A R"
"409","USGS","03321500",2014-09-22,1290,"A R"
"410","USGS","03321500",2014-09-23,1280,"A R"
"411","USGS","03321500",2014-09-24,1220,"A R"
"412","USGS","03321500",2014-09-25,1160,"A R"
"413","USGS","03321500",2014-09-26,1120,"A R"
"414","USGS","03321500",2014-09-27,1120,"A R"
"415","USGS","03321500",2014-09-28,1060,"A R"
"416","USGS","03321500",2014-09-29,1030,"A R"
"417","USGS","03321500",2014-09-30,1000,"A R"
"418","USGS","03321500",2014-10-01,980,"A R"
"419","USGS","03321500",2014-10-02,978,"A R"
"420","USGS","03321500",2014-10-03,925,"A R"
"421","USGS","03321500",2014-10-04,891,"A R"
"422","USGS","03321500",2014-10-05,896,"A R"
"423","USGS","03321500",2014-10-06,903,"A R"
"424","USGS","03321500",2014-10-07,912,"A R"
"425","USGS","03321500",2014-10-08,921,"A R"
"426","USGS","03321500",2014-10-09,948,"A R"
"427","USGS","03321500",2014-10-10,1070,"A R"
"428","USGS","03321500",2014-10-11,1240,"A R"
"429","USGS","03321500",2014-10-12,1430,"A R"
"430","USGS","03321500",2014-10-13,2280,"A R"
"431","USGS","03321500",2014-10-14,6190,"A R"
"432","USGS","03321500",2014-10-15,9380,"A"
"433","USGS","03321500",2014-10-16,11100,"A"
"434","USGS","03321500",2014-10-17,14100,"A"
"435","USGS","03321500",2014-10-18,14100,"A"
"436","USGS","03321500",2014-10-19,13900,"A"
"437","USGS","03321500",2014-10-20,14000,"A"
"438","USGS","03321500",2014-10-21,13800,"A"
"439","USGS","03321500",2014-10-22,12900,"A"
"440","USGS","03321500",2014-10-23,11400,"A"
"441","USGS","03321500",2014-10-24,9660,"A"
"442","USGS","03321500",2014-10-25,8390,"A"
"443","USGS","03321500",2014-10-26,7770,"A"
"444","USGS","03321500",2014-10-27,7660,"A"
"445","USGS","03321500",2014-10-28,7400,"A e"
"446","USGS","03321500",2014-10-29,6870,"A e"
"447","USGS","03321500",2014-10-30,6750,"A"
"448","USGS","03321500",2014-10-31,6370,"A"
"449","USGS","03321500",2014-11-01,6360,"A"
"450","USGS","03321500",2014-11-02,6380,"A"
"451","USGS","03321500",2014-11-03,6170,"A"
"452","USGS","03321500",2014-11-04,6140,"A"
"453","USGS","03321500",2014-11-05,6260,"A"
"454","USGS","03321500",2014-11-06,6370,"A"
"455","USGS","03321500",2014-11-07,6120,"A"
"456","USGS","03321500",2014-11-08,5950,"A"
"457","USGS","03321500",2014-11-09,6930,"A"
"458","USGS","03321500",2014-11-10,7690,"A"
"459","USGS","03321500",2014-11-11,8300,"A"
"460","USGS","03321500",2014-11-12,8390,"A"
"461","USGS","03321500",2014-11-13,7860,"A"
"462","USGS","03321500",2014-11-14,7250,"A"
"463","USGS","03321500",2014-11-15,6720,"A"
"464","USGS","03321500",2014-11-16,6270,"A"
"465","USGS","03321500",2014-11-17,6260,"A"
"466","USGS","03321500",2014-11-18,6450,"A"
"467","USGS","03321500",2014-11-19,6810,"A"
"468","USGS","03321500",2014-11-20,7870,"A"
"469","USGS","03321500",2014-11-21,8850,"A"
"470","USGS","03321500",2014-11-22,9490,"A"
"471","USGS","03321500",2014-11-23,10800,"A"
"472","USGS","03321500",2014-11-24,11400,"A"
"473","USGS","03321500",2014-11-25,10900,"A"
"474","USGS","03321500",2014-11-26,10400,"A"
"475","USGS","03321500",2014-11-27,11300,"A"
"476","USGS","03321500",2014-11-28,13500,"A"
"477","USGS","03321500",2014-11-29,14600,"A"
"478","USGS","03321500",2014-11-30,13700,"A"
"479","USGS","03321500",2014-12-01,11700,"A"
"480","USGS","03321500",2014-12-02,10100,"A"
"481","USGS","03321500",2014-12-03,8460,"A"
"482","USGS","03321500",2014-12-04,6520,"A"
"483","USGS","03321500",2014-12-05,4970,"A"
"484","USGS","03321500",2014-12-06,6390,"A"
"485","USGS","03321500",2014-12-07,6090,"A"
"486","USGS","03321500",2014-12-08,10300,"A"
"487","USGS","03321500",2014-12-09,14000,"A"
"488","USGS","03321500",2014-12-10,15100,"A"
"489","USGS","03321500",2014-12-11,16600,"A"
"490","USGS","03321500",2014-12-12,17300,"A"
"491","USGS","03321500",2014-12-13,15600,"A"
"492","USGS","03321500",2014-12-14,10900,"A"
"493","USGS","03321500",2014-12-15,7790,"A"
"494","USGS","03321500",2014-12-16,6210,"A"
"495","USGS","03321500",2014-12-17,5300,"A"
"496","USGS","03321500",2014-12-18,4900,"A R"
"497","USGS","03321500",2014-12-19,4470,"A R"
"498","USGS","03321500",2014-12-20,3900,"A R"
"499","USGS","03321500",2014-12-21,3500,"A R"
"500","USGS","03321500",2014-12-22,3060,"A R"
"501","USGS","03321500",2014-12-23,2890,"A R"
"502","USGS","03321500",2014-12-24,3010,"A R"
"503","USGS","03321500",2014-12-25,3400,"A R"
"504","USGS","03321500",2014-12-26,3930,"A R"
"505","USGS","03321500",2014-12-27,4720,"A R"
"506","USGS","03321500",2014-12-28,5860,"A"
"507","USGS","03321500",2014-12-29,7210,"A"
"508","USGS","03321500",2014-12-30,7510,"A"
"509","USGS","03321500",2014-12-31,7140,"A"
"510","USGS","03321500",2015-01-01,6180,"A"
"511","USGS","03321500",2015-01-02,5550,"A"
"512","USGS","03321500",2015-01-03,5780,"A"
"513","USGS","03321500",2015-01-04,7210,"A"
"514","USGS","03321500",2015-01-05,6470,"A"
"515","USGS","03321500",2015-01-06,6230,"A"
"516","USGS","03321500",2015-01-07,6320,"A"
"517","USGS","03321500",2015-01-08,5990,"A"
"518","USGS","03321500",2015-01-09,7310,"A"
"519","USGS","03321500",2015-01-10,7690,"A"
"520","USGS","03321500",2015-01-11,6190,"A"
"521","USGS","03321500",2015-01-12,5180,"A"
"522","USGS","03321500",2015-01-13,4900,"A R"
"523","USGS","03321500",2015-01-14,5040,"A R"
"524","USGS","03321500",2015-01-15,5840,"A"
"525","USGS","03321500",2015-01-16,7270,"A"
"526","USGS","03321500",2015-01-17,7390,"A"
"527","USGS","03321500",2015-01-18,6760,"A"
"528","USGS","03321500",2015-01-19,6090,"A"
"529","USGS","03321500",2015-01-20,5390,"A"
"530","USGS","03321500",2015-01-21,4880,"A"
"531","USGS","03321500",2015-01-22,4890,"A R"
"532","USGS","03321500",2015-01-23,4490,"A R"
"533","USGS","03321500",2015-01-24,4270,"A R"
"534","USGS","03321500",2015-01-25,4220,"A R"
"535","USGS","03321500",2015-01-26,4580,"A R"
"536","USGS","03321500",2015-01-27,5040,"A R"
"537","USGS","03321500",2015-01-28,5000,"A"
"538","USGS","03321500",2015-01-29,5820,"A"
"539","USGS","03321500",2015-01-30,6530,"A"
"540","USGS","03321500",2015-01-31,6650,"A"
"541","USGS","03321500",2015-02-01,6480,"A"
"542","USGS","03321500",2015-02-02,7580,"A"
"543","USGS","03321500",2015-02-03,10400,"A"
"544","USGS","03321500",2015-02-04,13800,"A"
"545","USGS","03321500",2015-02-05,16500,"A"
"546","USGS","03321500",2015-02-06,17200,"A"
"547","USGS","03321500",2015-02-07,16500,"A"
"548","USGS","03321500",2015-02-08,12900,"A"
"549","USGS","03321500",2015-02-09,9450,"A"
"550","USGS","03321500",2015-02-10,8100,"A"
"551","USGS","03321500",2015-02-11,7160,"A"
"552","USGS","03321500",2015-02-12,6200,"A"
"553","USGS","03321500",2015-02-13,5130,"A"
"554","USGS","03321500",2015-02-14,4550,"A R"
"555","USGS","03321500",2015-02-15,4390,"A R"
"556","USGS","03321500",2015-02-16,4320,"A R"
"557","USGS","03321500",2015-02-17,4140,"A R"
"558","USGS","03321500",2015-02-18,3860,"A R"
"559","USGS","03321500",2015-02-19,3790,"A R"
"560","USGS","03321500",2015-02-20,3700,"A R"
"561","USGS","03321500",2015-02-21,4530,"A R"
"562","USGS","03321500",2015-02-22,14200,"A"
"563","USGS","03321500",2015-02-23,29000,"A"
"564","USGS","03321500",2015-02-24,35900,"A"
"565","USGS","03321500",2015-02-25,38900,"A"
"566","USGS","03321500",2015-02-26,36100,"A"
"567","USGS","03321500",2015-02-27,31200,"A"
"568","USGS","03321500",2015-02-28,28800,"A"
"569","USGS","03321500",2015-03-01,27700,"A"
"570","USGS","03321500",2015-03-02,27200,"A"
"571","USGS","03321500",2015-03-03,27600,"A"
"572","USGS","03321500",2015-03-04,41600,"A"
"573","USGS","03321500",2015-03-05,44600,"A"
"574","USGS","03321500",2015-03-06,40400,"A"
"575","USGS","03321500",2015-03-07,39000,"A"
"576","USGS","03321500",2015-03-08,44600,"A"
"577","USGS","03321500",2015-03-09,44200,"A"
"578","USGS","03321500",2015-03-10,46000,"A"
"579","USGS","03321500",2015-03-11,47100,"A"
"580","USGS","03321500",2015-03-12,48600,"A"
"581","USGS","03321500",2015-03-13,51600,"A e"
"582","USGS","03321500",2015-03-14,51500,"A e"
"583","USGS","03321500",2015-03-15,51900,"A e"
"584","USGS","03321500",2015-03-16,52100,"A e"
"585","USGS","03321500",2015-03-17,51400,"A e"
"586","USGS","03321500",2015-03-18,52000,"A e"
"587","USGS","03321500",2015-03-19,53600,"A e"
"588","USGS","03321500",2015-03-20,53200,"A e"
"589","USGS","03321500",2015-03-21,50300,"A e"
"590","USGS","03321500",2015-03-22,47600,"A e"
"591","USGS","03321500",2015-03-23,46100,"A e"
"592","USGS","03321500",2015-03-24,44800,"A e"
"593","USGS","03321500",2015-03-25,43600,"A e"
"594","USGS","03321500",2015-03-26,41300,"A e"
"595","USGS","03321500",2015-03-27,39000,"A e"
"596","USGS","03321500",2015-03-28,36200,"A e"
"597","USGS","03321500",2015-03-29,32400,"A e"
"598","USGS","03321500",2015-03-30,28500,"A e"
"599","USGS","03321500",2015-03-31,23300,"A e"
"600","USGS","03321500",2015-04-01,18800,"A e"
"601","USGS","03321500",2015-04-02,15800,"A e"
"602","USGS","03321500",2015-04-03,21800,"A e"
"603","USGS","03321500",2015-04-04,36300,"A e"
"604","USGS","03321500",2015-04-05,43100,"A e"
"605","USGS","03321500",2015-04-06,46400,"A e"
"606","USGS","03321500",2015-04-07,46500,"A e"
"607","USGS","03321500",2015-04-08,48200,"A e"
"608","USGS","03321500",2015-04-09,45700,"A e"
"609","USGS","03321500",2015-04-10,44800,"A e"
"610","USGS","03321500",2015-04-11,43500,"A"
"611","USGS","03321500",2015-04-12,41600,"A"
"612","USGS","03321500",2015-04-13,37400,"A"
"613","USGS","03321500",2015-04-14,37700,"A"
"614","USGS","03321500",2015-04-15,38800,"A"
"615","USGS","03321500",2015-04-16,41700,"A"
"616","USGS","03321500",2015-04-17,43500,"A"
"617","USGS","03321500",2015-04-18,45100,"A"
"618","USGS","03321500",2015-04-19,48700,"A"
"619","USGS","03321500",2015-04-20,54500,"A"
"620","USGS","03321500",2015-04-21,56500,"A"
"621","USGS","03321500",2015-04-22,62700,"A"
"622","USGS","03321500",2015-04-23,66900,"A"
"623","USGS","03321500",2015-04-24,66600,"A"
"624","USGS","03321500",2015-04-25,64300,"A"
"625","USGS","03321500",2015-04-26,62100,"A"
"626","USGS","03321500",2015-04-27,57200,"A"
"627","USGS","03321500",2015-04-28,49300,"A"
"628","USGS","03321500",2015-04-29,41600,"A"
"629","USGS","03321500",2015-04-30,35700,"A"
"630","USGS","03321500",2015-05-01,31200,"A"
"631","USGS","03321500",2015-05-02,27400,"A"
"632","USGS","03321500",2015-05-03,24700,"A"
"633","USGS","03321500",2015-05-04,23100,"A"
"634","USGS","03321500",2015-05-05,20700,"A"
"635","USGS","03321500",2015-05-06,18400,"A"
"636","USGS","03321500",2015-05-07,17100,"A"
"637","USGS","03321500",2015-05-08,16700,"A"
"638","USGS","03321500",2015-05-09,16300,"A"
"639","USGS","03321500",2015-05-10,15500,"A"
"640","USGS","03321500",2015-05-11,14900,"A"
"641","USGS","03321500",2015-05-12,14500,"A"
"642","USGS","03321500",2015-05-13,13900,"A"
"643","USGS","03321500",2015-05-14,12500,"A"
"644","USGS","03321500",2015-05-15,10600,"A"
"645","USGS","03321500",2015-05-16,10400,"A"
"646","USGS","03321500",2015-05-17,14000,"A e"
"647","USGS","03321500",2015-05-18,16800,"A e"
"648","USGS","03321500",2015-05-19,16400,"A e"
"649","USGS","03321500",2015-05-20,15000,"A e"
"650","USGS","03321500",2015-05-21,13800,"A e"
"651","USGS","03321500",2015-05-22,12500,"A e"
"652","USGS","03321500",2015-05-23,10200,"A"
"653","USGS","03321500",2015-05-24,8360,"A"
"654","USGS","03321500",2015-05-25,7490,"A"
"655","USGS","03321500",2015-05-26,7630,"A"
"656","USGS","03321500",2015-05-27,8100,"A"
"657","USGS","03321500",2015-05-28,9290,"A"
"658","USGS","03321500",2015-05-29,10200,"A"
"659","USGS","03321500",2015-05-30,9570,"A"
"660","USGS","03321500",2015-05-31,8010,"A"
"661","USGS","03321500",2015-06-01,6790,"A"
"662","USGS","03321500",2015-06-02,5900,"A"
"663","USGS","03321500",2015-06-03,5110,"A R"
"664","USGS","03321500",2015-06-04,4680,"A R"
"665","USGS","03321500",2015-06-05,4230,"A R"
"666","USGS","03321500",2015-06-06,3780,"A R"
"667","USGS","03321500",2015-06-07,3420,"A R"
"668","USGS","03321500",2015-06-08,2940,"A R"
"669","USGS","03321500",2015-06-09,3020,"A R"
"670","USGS","03321500",2015-06-10,2860,"A R"
"671","USGS","03321500",2015-06-11,2790,"A R"
"672","USGS","03321500",2015-06-12,2690,"A R"
"673","USGS","03321500",2015-06-13,2510,"A R"
"674","USGS","03321500",2015-06-14,2450,"A R"
"675","USGS","03321500",2015-06-15,2170,"A R"
"676","USGS","03321500",2015-06-16,2000,"A R"
"677","USGS","03321500",2015-06-17,3510,"A R"
"678","USGS","03321500",2015-06-18,3310,"A R"
"679","USGS","03321500",2015-06-19,3100,"A e"
"680","USGS","03321500",2015-06-20,6240,"A e"
"681","USGS","03321500",2015-06-21,4650,"A"
"682","USGS","03321500",2015-06-22,7960,"A"
"683","USGS","03321500",2015-06-23,7220,"A"
"684","USGS","03321500",2015-06-24,7830,"A"
"685","USGS","03321500",2015-06-25,7950,"A"
"686","USGS","03321500",2015-06-26,7580,"A"
"687","USGS","03321500",2015-06-27,6330,"A"
"688","USGS","03321500",2015-06-28,6510,"A"
"689","USGS","03321500",2015-06-29,5210,"A"
"690","USGS","03321500",2015-06-30,4460,"A"
"691","USGS","03321500",2015-07-01,2090,"A"
"692","USGS","03321500",2015-07-02,3010,"A"
"693","USGS","03321500",2015-07-03,14500,"A"
"694","USGS","03321500",2015-07-04,33600,"A"
"695","USGS","03321500",2015-07-05,39500,"A"
"696","USGS","03321500",2015-07-06,39500,"A"
"697","USGS","03321500",2015-07-07,37500,"A"
"698","USGS","03321500",2015-07-08,36100,"A e"
"699","USGS","03321500",2015-07-09,32200,"A e"
"700","USGS","03321500",2015-07-10,29400,"A e"
"701","USGS","03321500",2015-07-11,28600,"A e"
"702","USGS","03321500",2015-07-12,28700,"A e"
"703","USGS","03321500",2015-07-13,26600,"A e"
"704","USGS","03321500",2015-07-14,27100,"A e"
"705","USGS","03321500",2015-07-15,25900,"A e"
"706","USGS","03321500",2015-07-16,26200,"A e"
"707","USGS","03321500",2015-07-17,26800,"A e"
"708","USGS","03321500",2015-07-18,26400,"A e"
"709","USGS","03321500",2015-07-19,26200,"A e"
"710","USGS","03321500",2015-07-20,27400,"A e"
"711","USGS","03321500",2015-07-21,28700,"A e"
"712","USGS","03321500",2015-07-22,25200,"A e"
"713","USGS","03321500",2015-07-23,20600,"A e"
"714","USGS","03321500",2015-07-24,16700,"A e"
"715","USGS","03321500",2015-07-25,15600,"A e"
"716","USGS","03321500",2015-07-26,15600,"A e"
"717","USGS","03321500",2015-07-27,15500,"A e"
"718","USGS","03321500",2015-07-28,14400,"A e"
"719","USGS","03321500",2015-07-29,12800,"A e"
"720","USGS","03321500",2015-07-30,12000,"A e"
"721","USGS","03321500",2015-07-31,11200,"A e"
"722","USGS","03321500",2015-08-01,10900,"A e"
"723","USGS","03321500",2015-08-02,10100,"A e"
"724","USGS","03321500",2015-08-03,8740,"A e"
"725","USGS","03321500",2015-08-04,7480,"A e"
"726","USGS","03321500",2015-08-05,6840,"A"
"727","USGS","03321500",2015-08-06,6730,"A"
"728","USGS","03321500",2015-08-07,6200,"A"
"729","USGS","03321500",2015-08-08,6270,"A"
"730","USGS","03321500",2015-08-09,6690,"A"
"731","USGS","03321500",2015-08-10,7140,"A"
"732","USGS","03321500",2015-08-11,7210,"A"
"733","USGS","03321500",2015-08-12,6780,"A"
"734","USGS","03321500",2015-08-13,5710,"A"
"735","USGS","03321500",2015-08-14,4520,"A R"
"736","USGS","03321500",2015-08-15,3640,"A R"
"737","USGS","03321500",2015-08-16,2810,"A R"
"738","USGS","03321500",2015-08-17,2430,"A R"
"739","USGS","03321500",2015-08-18,2320,"A R"
"740","USGS","03321500",2015-08-19,2580,"A R"
"741","USGS","03321500",2015-08-20,3390,"A R"
"742","USGS","03321500",2015-08-21,2940,"A R"
"743","USGS","03321500",2015-08-22,2660,"A R"
"744","USGS","03321500",2015-08-23,2550,"A R"
"745","USGS","03321500",2015-08-24,2550,"A R"
"746","USGS","03321500",2015-08-25,2650,"A R"
"747","USGS","03321500",2015-08-26,2490,"A R"
"748","USGS","03321500",2015-08-27,2080,"A R"
"749","USGS","03321500",2015-08-28,1650,"A R"
"750","USGS","03321500",2015-08-29,1430,"A R"
"751","USGS","03321500",2015-08-30,1300,"A R"
"752","USGS","03321500",2015-08-31,1230,"A R"
"753","USGS","03321500",2015-09-01,1200,"A R"
"754","USGS","03321500",2015-09-02,1180,"A R"
"755","USGS","03321500",2015-09-03,1110,"A R"
"756","USGS","03321500",2015-09-04,1070,"A R"
"757","USGS","03321500",2015-09-05,967,"A R"
"758","USGS","03321500",2015-09-06,944,"A R"
"759","USGS","03321500",2015-09-07,865,"A R"
"760","USGS","03321500",2015-09-08,806,"A R"
"761","USGS","03321500",2015-09-09,778,"A R"
"762","USGS","03321500",2015-09-10,980,"A R"
"763","USGS","03321500",2015-09-11,1420,"A R"
"764","USGS","03321500",2015-09-12,1650,"A R"
"765","USGS","03321500",2015-09-13,1870,"A R"
"766","USGS","03321500",2015-09-14,2240,"A R"
"767","USGS","03321500",2015-09-15,2410,"A R"
"768","USGS","03321500",2015-09-16,2140,"A R"
"769","USGS","03321500",2015-09-17,1830,"A R"
"770","USGS","03321500",2015-09-18,1430,"A R"
"771","USGS","03321500",2015-09-19,1100,"A R"
"772","USGS","03321500",2015-09-20,908,"A R"
"773","USGS","03321500",2015-09-21,846,"A R"
"774","USGS","03321500",2015-09-22,785,"A R"
"775","USGS","03321500",2015-09-23,742,"A R"
"776","USGS","03321500",2015-09-24,702,"A R"
"777","USGS","03321500",2015-09-25,677,"A R"
"778","USGS","03321500",2015-09-26,656,"A R"
"779","USGS","03321500",2015-09-27,666,"A R"
"780","USGS","03321500",2015-09-28,658,"A R"
"781","USGS","03321500",2015-09-29,759,"A R"
"782","USGS","03321500",2015-09-30,796,"A R"
"783","USGS","03321500",2015-10-01,1190,"A R"
"784","USGS","03321500",2015-10-02,2820,"A R"
"785","USGS","03321500",2015-10-03,4120,"A R"
"786","USGS","03321500",2015-10-04,4540,"A R"
"787","USGS","03321500",2015-10-05,3970,"A R"
"788","USGS","03321500",2015-10-06,3470,"A R"
"789","USGS","03321500",2015-10-07,3130,"A R"
"790","USGS","03321500",2015-10-08,2620,"A R"
"791","USGS","03321500",2015-10-09,2200,"A R"
"792","USGS","03321500",2015-10-10,2010,"A R"
"793","USGS","03321500",2015-10-11,1880,"A R"
"794","USGS","03321500",2015-10-12,1690,"A R"
"795","USGS","03321500",2015-10-13,1490,"A R"
"796","USGS","03321500",2015-10-14,1400,"A R"
"797","USGS","03321500",2015-10-15,1370,"A R"
"798","USGS","03321500",2015-10-16,1290,"A R"
"799","USGS","03321500",2015-10-17,1250,"A R"
"800","USGS","03321500",2015-10-18,1190,"A R"
"801","USGS","03321500",2015-10-19,1150,"A R"
"802","USGS","03321500",2015-10-20,1120,"A R"
"803","USGS","03321500",2015-10-21,1380,"A R"
"804","USGS","03321500",2015-10-22,2810,"A R"
"805","USGS","03321500",2015-10-23,4580,"A R"
"806","USGS","03321500",2015-10-24,4910,"A R"
"807","USGS","03321500",2015-10-25,4870,"A R"
"808","USGS","03321500",2015-10-26,5000,"A R"
"809","USGS","03321500",2015-10-27,6180,"A"
"810","USGS","03321500",2015-10-28,14700,"A"
"811","USGS","03321500",2015-10-29,15600,"A"
"812","USGS","03321500",2015-10-30,14700,"A"
"813","USGS","03321500",2015-10-31,14400,"A"
"814","USGS","03321500",2015-11-01,13500,"A"
"815","USGS","03321500",2015-11-02,12300,"A"
"816","USGS","03321500",2015-11-03,11300,"A"
"817","USGS","03321500",2015-11-04,11100,"A"
"818","USGS","03321500",2015-11-05,11100,"A"
"819","USGS","03321500",2015-11-06,13000,"A"
"820","USGS","03321500",2015-11-07,12400,"A"
"821","USGS","03321500",2015-11-08,10600,"A"
"822","USGS","03321500",2015-11-09,9230,"A"
"823","USGS","03321500",2015-11-10,8930,"A"
"824","USGS","03321500",2015-11-11,9320,"A"
"825","USGS","03321500",2015-11-12,9490,"A"
"826","USGS","03321500",2015-11-13,10400,"A"
"827","USGS","03321500",2015-11-14,11800,"A"
"828","USGS","03321500",2015-11-15,12300,"A"
"829","USGS","03321500",2015-11-16,11700,"A"
"830","USGS","03321500",2015-11-17,13600,"A"
"831","USGS","03321500",2015-11-18,17700,"A"
"832","USGS","03321500",2015-11-19,24600,"A"
"833","USGS","03321500",2015-11-20,26600,"A"
"834","USGS","03321500",2015-11-21,25300,"A"
"835","USGS","03321500",2015-11-22,23300,"A"
"836","USGS","03321500",2015-11-23,20300,"A"
"837","USGS","03321500",2015-11-24,18100,"A"
"838","USGS","03321500",2015-11-25,16900,"A"
"839","USGS","03321500",2015-11-26,16500,"A"
"840","USGS","03321500",2015-11-27,17000,"A"
"841","USGS","03321500",2015-11-28,18100,"A"
"842","USGS","03321500",2015-11-29,23800,"A"
"843","USGS","03321500",2015-11-30,23200,"A"
"844","USGS","03321500",2015-12-01,26500,"A"
"845","USGS","03321500",2015-12-02,34200,"A"
"846","USGS","03321500",2015-12-03,39400,"A"
"847","USGS","03321500",2015-12-04,40900,"A"
"848","USGS","03321500",2015-12-05,39500,"A"
"849","USGS","03321500",2015-12-06,34200,"A"
"850","USGS","03321500",2015-12-07,31600,"A"
"851","USGS","03321500",2015-12-08,29300,"A"
"852","USGS","03321500",2015-12-09,25500,"A"
"853","USGS","03321500",2015-12-10,22200,"A"
"854","USGS","03321500",2015-12-11,19100,"A"
"855","USGS","03321500",2015-12-12,16400,"A"
"856","USGS","03321500",2015-12-13,13900,"A"
"857","USGS","03321500",2015-12-14,12100,"A"
"858","USGS","03321500",2015-12-15,11400,"A"
"859","USGS","03321500",2015-12-16,10500,"A"
"860","USGS","03321500",2015-12-17,9940,"A"
"861","USGS","03321500",2015-12-18,9430,"A"
"862","USGS","03321500",2015-12-19,8610,"A"
"863","USGS","03321500",2015-12-20,7390,"A"
"864","USGS","03321500",2015-12-21,5790,"A"
"865","USGS","03321500",2015-12-22,6420,"A"
"866","USGS","03321500",2015-12-23,11300,"A"
"867","USGS","03321500",2015-12-24,31900,"A"
"868","USGS","03321500",2015-12-25,34600,"A"
"869","USGS","03321500",2015-12-26,37500,"A"
"870","USGS","03321500",2015-12-27,49200,"A"
"871","USGS","03321500",2015-12-28,50800,"A"
"872","USGS","03321500",2015-12-29,49400,"A"
"873","USGS","03321500",2015-12-30,48200,"A"
"874","USGS","03321500",2015-12-31,50200,"A"
"875","USGS","03321500",2016-01-01,55800,"A"
"876","USGS","03321500",2016-01-02,59700,"A"
"877","USGS","03321500",2016-01-03,62000,"A"
"878","USGS","03321500",2016-01-04,63900,"A"
"879","USGS","03321500",2016-01-05,63600,"A"
"880","USGS","03321500",2016-01-06,60800,"A"
"881","USGS","03321500",2016-01-07,55400,"A"
"882","USGS","03321500",2016-01-08,46800,"A"
"883","USGS","03321500",2016-01-09,41800,"A"
"884","USGS","03321500",2016-01-10,38300,"A"
"885","USGS","03321500",2016-01-11,32400,"A"
"886","USGS","03321500",2016-01-12,27900,"A"
"887","USGS","03321500",2016-01-13,24300,"A"
"888","USGS","03321500",2016-01-14,21600,"A"
"889","USGS","03321500",2016-01-15,19600,"A"
"890","USGS","03321500",2016-01-16,18100,"A"
"891","USGS","03321500",2016-01-17,15900,"A"
"892","USGS","03321500",2016-01-18,14000,"A"
"893","USGS","03321500",2016-01-19,12200,"A"
"894","USGS","03321500",2016-01-20,10200,"A"
"895","USGS","03321500",2016-01-21,8540,"A"
"896","USGS","03321500",2016-01-22,7840,"A"
"897","USGS","03321500",2016-01-23,7090,"A"
"898","USGS","03321500",2016-01-24,6920,"A"
"899","USGS","03321500",2016-01-25,6160,"A"
"900","USGS","03321500",2016-01-26,7630,"A"
"901","USGS","03321500",2016-01-27,12200,"A"
"902","USGS","03321500",2016-01-28,17400,"A"
"903","USGS","03321500",2016-01-29,21300,"A"
"904","USGS","03321500",2016-01-30,21400,"A"
"905","USGS","03321500",2016-01-31,20700,"A"
"906","USGS","03321500",2016-02-01,20600,"A"
"907","USGS","03321500",2016-02-02,20700,"A"
"908","USGS","03321500",2016-02-03,35000,"A"
"909","USGS","03321500",2016-02-04,37400,"A"
"910","USGS","03321500",2016-02-05,35900,"A"
"911","USGS","03321500",2016-02-06,38900,"A"
"912","USGS","03321500",2016-02-07,37900,"A"
"913","USGS","03321500",2016-02-08,39200,"A"
"914","USGS","03321500",2016-02-09,39000,"A"
"915","USGS","03321500",2016-02-10,38000,"A"
"916","USGS","03321500",2016-02-11,37300,"A"
"917","USGS","03321500",2016-02-12,31100,"A"
"918","USGS","03321500",2016-02-13,24200,"A"
"919","USGS","03321500",2016-02-14,18900,"A"
"920","USGS","03321500",2016-02-15,14400,"A"
"921","USGS","03321500",2016-02-16,11400,"A"
"922","USGS","03321500",2016-02-17,13600,"A"
"923","USGS","03321500",2016-02-18,23600,"A"
"924","USGS","03321500",2016-02-19,27400,"A"
"925","USGS","03321500",2016-02-20,27500,"A"
"926","USGS","03321500",2016-02-21,27900,"A"
"927","USGS","03321500",2016-02-22,29400,"A"
"928","USGS","03321500",2016-02-23,28500,"A"
"929","USGS","03321500",2016-02-24,34100,"A"
"930","USGS","03321500",2016-02-25,38100,"A"
"931","USGS","03321500",2016-02-26,38300,"A"
"932","USGS","03321500",2016-02-27,38400,"A"
"933","USGS","03321500",2016-02-28,37700,"A"
"934","USGS","03321500",2016-02-29,40600,"A"
"935","USGS","03321500",2016-03-01,35200,"A"
"936","USGS","03321500",2016-03-02,37400,"A"
"937","USGS","03321500",2016-03-03,37400,"A"
"938","USGS","03321500",2016-03-04,34200,"A"
"939","USGS","03321500",2016-03-05,29800,"A"
"940","USGS","03321500",2016-03-06,26400,"A"
"941","USGS","03321500",2016-03-07,23600,"A"
"942","USGS","03321500",2016-03-08,21400,"A"
"943","USGS","03321500",2016-03-09,20300,"A"
"944","USGS","03321500",2016-03-10,30200,"A"
"945","USGS","03321500",2016-03-11,39400,"A"
"946","USGS","03321500",2016-03-12,38100,"A"
"947","USGS","03321500",2016-03-13,34600,"A"
"948","USGS","03321500",2016-03-14,37800,"A"
"949","USGS","03321500",2016-03-15,38100,"A"
"950","USGS","03321500",2016-03-16,37600,"A"
"951","USGS","03321500",2016-03-17,38300,"A"
"952","USGS","03321500",2016-03-18,36500,"A"
"953","USGS","03321500",2016-03-19,32600,"A"
"954","USGS","03321500",2016-03-20,27900,"A"
"955","USGS","03321500",2016-03-21,23200,"A"
"956","USGS","03321500",2016-03-22,19000,"A"
"957","USGS","03321500",2016-03-23,13800,"A"
"958","USGS","03321500",2016-03-24,9700,"A"
"959","USGS","03321500",2016-03-25,8210,"A"
"960","USGS","03321500",2016-03-26,6610,"A"
"961","USGS","03321500",2016-03-27,7760,"A"
"962","USGS","03321500",2016-03-28,10900,"A"
"963","USGS","03321500",2016-03-29,10100,"A"
"964","USGS","03321500",2016-03-30,8880,"A"
"965","USGS","03321500",2016-03-31,14000,"A"
"966","USGS","03321500",2016-04-01,20700,"A"
"967","USGS","03321500",2016-04-02,20400,"A"
"968","USGS","03321500",2016-04-03,19700,"A"
"969","USGS","03321500",2016-04-04,17900,"A"
"970","USGS","03321500",2016-04-05,14600,"A"
"971","USGS","03321500",2016-04-06,10900,"A"
"972","USGS","03321500",2016-04-07,8740,"A"
"973","USGS","03321500",2016-04-08,7530,"A"
"974","USGS","03321500",2016-04-09,6650,"A"
"975","USGS","03321500",2016-04-10,5820,"A"
"976","USGS","03321500",2016-04-11,5040,"A"
"977","USGS","03321500",2016-04-12,5830,"A"
"978","USGS","03321500",2016-04-13,2500,"A"
"979","USGS","03321500",2016-04-14,4330,"A"
"980","USGS","03321500",2016-04-15,3610,"A"
"981","USGS","03321500",2016-04-16,2620,"A"
"982","USGS","03321500",2016-04-17,3540,"A"
"983","USGS","03321500",2016-04-18,5790,"A"
"984","USGS","03321500",2016-04-19,5560,"A R"
"985","USGS","03321500",2016-04-20,3610,"A R"
"986","USGS","03321500",2016-04-21,3290,"A R"
"987","USGS","03321500",2016-04-22,5360,"A R"
"988","USGS","03321500",2016-04-23,5620,"A"
"989","USGS","03321500",2016-04-24,4470,"A R"
"990","USGS","03321500",2016-04-25,4810,"A R"
"991","USGS","03321500",2016-04-26,4340,"A R"
"992","USGS","03321500",2016-04-27,7050,"A R"
"993","USGS","03321500",2016-04-28,19900,"A"
"994","USGS","03321500",2016-04-29,17300,"A"
"995","USGS","03321500",2016-04-30,17800,"A"
"996","USGS","03321500",2016-05-01,19700,"A"
"997","USGS","03321500",2016-05-02,16300,"A"
"998","USGS","03321500",2016-05-03,12800,"A"
"999","USGS","03321500",2016-05-04,9890,"A"
"1000","USGS","03321500",2016-05-05,8960,"A"
"1001","USGS","03321500",2016-05-06,10300,"A"
"1002","USGS","03321500",2016-05-07,12100,"A"
"1003","USGS","03321500",2016-05-08,15000,"A"
"1004","USGS","03321500",2016-05-09,14600,"A"
"1005","USGS","03321500",2016-05-10,17900,"A e"
"1006","USGS","03321500",2016-05-11,20200,"A e"
"1007","USGS","03321500",2016-05-12,24100,"A"
"1008","USGS","03321500",2016-05-13,29800,"A e"
"1009","USGS","03321500",2016-05-14,32600,"A e"
"1010","USGS","03321500",2016-05-15,31500,"A e"
"1011","USGS","03321500",2016-05-16,29800,"A e"
"1012","USGS","03321500",2016-05-17,27700,"A e"
"1013","USGS","03321500",2016-05-18,26000,"A e"
"1014","USGS","03321500",2016-05-19,24100,"A e"
"1015","USGS","03321500",2016-05-20,22400,"A e"
"1016","USGS","03321500",2016-05-21,22800,"A e"
"1017","USGS","03321500",2016-05-22,24200,"A e"
"1018","USGS","03321500",2016-05-23,25900,"A e"
"1019","USGS","03321500",2016-05-24,27300,"A e"
"1020","USGS","03321500",2016-05-25,27300,"A e"
"1021","USGS","03321500",2016-05-26,26500,"A e"
"1022","USGS","03321500",2016-05-27,26400,"A e"
"1023","USGS","03321500",2016-05-28,26900,"A e"
"1024","USGS","03321500",2016-05-29,26100,"A e"
"1025","USGS","03321500",2016-05-30,23800,"A e"
"1026","USGS","03321500",2016-05-31,20600,"A e"
"1027","USGS","03321500",2016-06-01,17600,"A e"
"1028","USGS","03321500",2016-06-02,15300,"A e"
"1029","USGS","03321500",2016-06-03,13900,"A e"
"1030","USGS","03321500",2016-06-04,12500,"A e"
"1031","USGS","03321500",2016-06-05,11400,"A e"
"1032","USGS","03321500",2016-06-06,10900,"A e"
"1033","USGS","03321500",2016-06-07,10100,"A e"
"1034","USGS","03321500",2016-06-08,9490,"A e"
"1035","USGS","03321500",2016-06-09,8840,"A e"
"1036","USGS","03321500",2016-06-10,8000,"A e"
"1037","USGS","03321500",2016-06-11,7170,"A e"
"1038","USGS","03321500",2016-06-12,6500,"A e"
"1039","USGS","03321500",2016-06-13,5980,"A e"
"1040","USGS","03321500",2016-06-14,5690,"A e"
"1041","USGS","03321500",2016-06-15,6260,"A e"
"1042","USGS","03321500",2016-06-16,7570,"A e"
"1043","USGS","03321500",2016-06-17,6340,"A e"
"1044","USGS","03321500",2016-06-18,5210,"A e"
"1045","USGS","03321500",2016-06-19,4550,"A R"
"1046","USGS","03321500",2016-06-20,3750,"A R"
"1047","USGS","03321500",2016-06-21,3200,"A R"
"1048","USGS","03321500",2016-06-22,3230,"A R"
"1049","USGS","03321500",2016-06-23,3390,"A R"
"1050","USGS","03321500",2016-06-24,4070,"A R"
"1051","USGS","03321500",2016-06-25,6210,"A e"
"1052","USGS","03321500",2016-06-26,8250,"A e"
"1053","USGS","03321500",2016-06-27,8720,"A e"
"1054","USGS","03321500",2016-06-28,8830,"A e"
"1055","USGS","03321500",2016-06-29,8110,"A e"
"1056","USGS","03321500",2016-06-30,6780,"A e"
"1057","USGS","03321500",2016-07-01,5400,"A e"
"1058","USGS","03321500",2016-07-02,4560,"A R"
"1059","USGS","03321500",2016-07-03,3900,"A R"
"1060","USGS","03321500",2016-07-04,7200,"A e"
"1061","USGS","03321500",2016-07-05,13800,"A e"
"1062","USGS","03321500",2016-07-06,20000,"A e"
"1063","USGS","03321500",2016-07-07,25700,"A e"
"1064","USGS","03321500",2016-07-08,30200,"A e"
"1065","USGS","03321500",2016-07-09,34600,"A e"
"1066","USGS","03321500",2016-07-10,38300,"A e"
"1067","USGS","03321500",2016-07-11,40600,"A e"
"1068","USGS","03321500",2016-07-12,41200,"A e"
"1069","USGS","03321500",2016-07-13,40600,"A e"
"1070","USGS","03321500",2016-07-14,38000,"A e"
"1071","USGS","03321500",2016-07-15,34400,"A e"
"1072","USGS","03321500",2016-07-16,29600,"A e"
"1073","USGS","03321500",2016-07-17,23700,"A e"
"1074","USGS","03321500",2016-07-18,20400,"A e"
"1075","USGS","03321500",2016-07-19,19000,"A e"
"1076","USGS","03321500",2016-07-20,17800,"A e"
"1077","USGS","03321500",2016-07-21,16800,"A e"
"1078","USGS","03321500",2016-07-22,16100,"A e"
"1079","USGS","03321500",2016-07-23,15700,"A e"
"1080","USGS","03321500",2016-07-24,15500,"A e"
"1081","USGS","03321500",2016-07-25,15400,"A e"
"1082","USGS","03321500",2016-07-26,15400,"A e"
"1083","USGS","03321500",2016-07-27,16200,"A e"
"1084","USGS","03321500",2016-07-28,18700,"A e"
"1085","USGS","03321500",2016-07-29,22100,"A e"
"1086","USGS","03321500",2016-07-30,23100,"A e"
"1087","USGS","03321500",2016-07-31,22400,"A e"
"1088","USGS","03321500",2016-08-01,21200,"A e"
"1089","USGS","03321500",2016-08-02,20000,"A e"
"1090","USGS","03321500",2016-08-03,19000,"A e"
"1091","USGS","03321500",2016-08-04,17900,"A e"
"1092","USGS","03321500",2016-08-05,16900,"A e"
"1093","USGS","03321500",2016-08-06,16200,"A e"
"1094","USGS","03321500",2016-08-07,15800,"A e"
"1095","USGS","03321500",2016-08-08,15400,"A e"
"1096","USGS","03321500",2016-08-09,14600,"A e"
"1097","USGS","03321500",2016-08-10,13100,"A e"
"1098","USGS","03321500",2016-08-11,10700,"A e"
"1099","USGS","03321500",2016-08-12,8430,"A e"
"1100","USGS","03321500",2016-08-13,6490,"A e"
"1101","USGS","03321500",2016-08-14,5040,"A e"
"1102","USGS","03321500",2016-08-15,5470,"A e"
"1103","USGS","03321500",2016-08-16,6790,"A e"
"1104","USGS","03321500",2016-08-17,8640,"A e"
"1105","USGS","03321500",2016-08-18,12300,"A e"
"1106","USGS","03321500",2016-08-19,16300,"A e"
"1107","USGS","03321500",2016-08-20,18800,"A e"
"1108","USGS","03321500",2016-08-21,20900,"A e"
"1109","USGS","03321500",2016-08-22,22400,"A e"
"1110","USGS","03321500",2016-08-23,22800,"A e"
"1111","USGS","03321500",2016-08-24,22500,"A e"
"1112","USGS","03321500",2016-08-25,20700,"A e"
"1113","USGS","03321500",2016-08-26,18400,"A e"
"1114","USGS","03321500",2016-08-27,16400,"A e"
"1115","USGS","03321500",2016-08-28,14000,"A e"
"1116","USGS","03321500",2016-08-29,12000,"A e"
"1117","USGS","03321500",2016-08-30,9580,"A e"
"1118","USGS","03321500",2016-08-31,7780,"A e"
"1119","USGS","03321500",2016-09-01,6390,"A e"
"1120","USGS","03321500",2016-09-02,5200,"A e"
"1121","USGS","03321500",2016-09-03,4430,"A R"
"1122","USGS","03321500",2016-09-04,4100,"A R"
"1123","USGS","03321500",2016-09-05,3840,"A R"
"1124","USGS","03321500",2016-09-06,3550,"A R"
"1125","USGS","03321500",2016-09-07,3080,"A R"
"1126","USGS","03321500",2016-09-08,2610,"A R"
"1127","USGS","03321500",2016-09-09,2400,"A R"
"1128","USGS","03321500",2016-09-10,2760,"A R"
"1129","USGS","03321500",2016-09-11,2740,"A R"
"1130","USGS","03321500",2016-09-12,2280,"A R"
"1131","USGS","03321500",2016-09-13,2110,"A R"
"1132","USGS","03321500",2016-09-14,2150,"A R"
"1133","USGS","03321500",2016-09-15,2420,"A R"
"1134","USGS","03321500",2016-09-16,2520,"A R"
"1135","USGS","03321500",2016-09-17,2230,"A R"
"1136","USGS","03321500",2016-09-18,1820,"A R"
"1137","USGS","03321500",2016-09-19,1720,"A R"
"1138","USGS","03321500",2016-09-20,2390,"A R"
"1139","USGS","03321500",2016-09-21,2860,"A R"
"1140","USGS","03321500",2016-09-22,3850,"A R"
"1141","USGS","03321500",2016-09-23,4210,"A R"
"1142","USGS","03321500",2016-09-24,3300,"A R"
"1143","USGS","03321500",2016-09-25,2290,"A R"
"1144","USGS","03321500",2016-09-26,1760,"A R"
"1145","USGS","03321500",2016-09-27,1570,"A R"
"1146","USGS","03321500",2016-09-28,1360,"A R"
"1147","USGS","03321500",2016-09-29,1290,"A R"
"1148","USGS","03321500",2016-09-30,1300,"A R"
"1149","USGS","03321500",2016-10-01,1540,"A R"
"1150","USGS","03321500",2016-10-02,1580,"A R"
"1151","USGS","03321500",2016-10-03,1570,"A R"
"1152","USGS","03321500",2016-10-04,1660,"A R"
"1153","USGS","03321500",2016-10-05,1790,"A R"
"1154","USGS","03321500",2016-10-06,2040,"A R"
"1155","USGS","03321500",2016-10-07,2240,"A R"
"1156","USGS","03321500",2016-10-08,2240,"A R"
"1157","USGS","03321500",2016-10-09,2100,"A R"
"1158","USGS","03321500",2016-10-10,1800,"A R"
"1159","USGS","03321500",2016-10-11,1510,"A R"
"1160","USGS","03321500",2016-10-12,1310,"A R"
"1161","USGS","03321500",2016-10-13,1190,"A R"
"1162","USGS","03321500",2016-10-14,1170,"A R"
"1163","USGS","03321500",2016-10-15,1140,"A R"
"1164","USGS","03321500",2016-10-16,1050,"A R"
"1165","USGS","03321500",2016-10-17,1020,"A R"
"1166","USGS","03321500",2016-10-18,972,"A R"
"1167","USGS","03321500",2016-10-19,934,"A R"
"1168","USGS","03321500",2016-10-20,1180,"A R"
"1169","USGS","03321500",2016-10-21,2510,"A R"
"1170","USGS","03321500",2016-10-22,3860,"A R"
"1171","USGS","03321500",2016-10-23,4330,"A R"
"1172","USGS","03321500",2016-10-24,4630,"A R"
"1173","USGS","03321500",2016-10-25,4940,"A R"
"1174","USGS","03321500",2016-10-26,5520,"A"
"1175","USGS","03321500",2016-10-27,6020,"A"
"1176","USGS","03321500",2016-10-28,6370,"A"
"1177","USGS","03321500",2016-10-29,6760,"A"
"1178","USGS","03321500",2016-10-30,6810,"A"
"1179","USGS","03321500",2016-10-31,6520,"A"
"1180","USGS","03321500",2016-11-01,6540,"A"
"1181","USGS","03321500",2016-11-02,6880,"A"
"1182","USGS","03321500",2016-11-03,7180,"A"
"1183","USGS","03321500",2016-11-04,6670,"A"
"1184","USGS","03321500",2016-11-05,6300,"A"
"1185","USGS","03321500",2016-11-06,5950,"A"
"1186","USGS","03321500",2016-11-07,5510,"A"
"1187","USGS","03321500",2016-11-08,4880,"A R"
"1188","USGS","03321500",2016-11-09,4740,"A R"
"1189","USGS","03321500",2016-11-10,4640,"A R"
"1190","USGS","03321500",2016-11-11,4580,"A R"
"1191","USGS","03321500",2016-11-12,4580,"A R"
"1192","USGS","03321500",2016-11-13,4590,"A R"
"1193","USGS","03321500",2016-11-14,4540,"A R"
"1194","USGS","03321500",2016-11-15,4510,"A R"
"1195","USGS","03321500",2016-11-16,4500,"A R"
"1196","USGS","03321500",2016-11-17,4480,"A R"
"1197","USGS","03321500",2016-11-18,4490,"A R"
"1198","USGS","03321500",2016-11-19,4430,"A R"
"1199","USGS","03321500",2016-11-20,4500,"A R"
"1200","USGS","03321500",2016-11-21,4540,"A R"
"1201","USGS","03321500",2016-11-22,4550,"A R"
"1202","USGS","03321500",2016-11-23,4600,"A R"
"1203","USGS","03321500",2016-11-24,4500,"A R"
"1204","USGS","03321500",2016-11-25,4460,"A R"
"1205","USGS","03321500",2016-11-26,4620,"A R"
"1206","USGS","03321500",2016-11-27,5120,"A R"
"1207","USGS","03321500",2016-11-28,5090,"A"
"1208","USGS","03321500",2016-11-29,6130,"A"
"1209","USGS","03321500",2016-11-30,5160,"A R"
"1210","USGS","03321500",2016-12-01,4280,"A R"
"1211","USGS","03321500",2016-12-02,3900,"A R"
"1212","USGS","03321500",2016-12-03,3780,"A R"
"1213","USGS","03321500",2016-12-04,3600,"A R"
"1214","USGS","03321500",2016-12-05,3830,"A R"
"1215","USGS","03321500",2016-12-06,5960,"A R"
"1216","USGS","03321500",2016-12-07,7710,"A"
"1217","USGS","03321500",2016-12-08,5410,"A R"
"1218","USGS","03321500",2016-12-09,4030,"A R"
"1219","USGS","03321500",2016-12-10,3280,"A R"
"1220","USGS","03321500",2016-12-11,2950,"A R"
"1221","USGS","03321500",2016-12-12,3110,"A R"
"1222","USGS","03321500",2016-12-13,3410,"A R"
"1223","USGS","03321500",2016-12-14,3110,"A R"
"1224","USGS","03321500",2016-12-15,2730,"A R"
"1225","USGS","03321500",2016-12-16,2610,"A R"
"1226","USGS","03321500",2016-12-17,3460,"A R"
"1227","USGS","03321500",2016-12-18,19800,"A"
"1228","USGS","03321500",2016-12-19,21500,"A"
"1229","USGS","03321500",2016-12-20,19800,"A"
"1230","USGS","03321500",2016-12-21,20700,"A"
"1231","USGS","03321500",2016-12-22,19100,"A"
"1232","USGS","03321500",2016-12-23,17800,"A"
"1233","USGS","03321500",2016-12-24,21800,"A"
"1234","USGS","03321500",2016-12-25,20400,"A"
"1235","USGS","03321500",2016-12-26,16600,"A"
"1236","USGS","03321500",2016-12-27,29500,"A e"
"1237","USGS","03321500",2016-12-28,32300,"A e"
"1238","USGS","03321500",2016-12-29,31600,"A e"
"1239","USGS","03321500",2016-12-30,30600,"A e"
"1240","USGS","03321500",2016-12-31,30000,"A e"
"1241","USGS","03321500",2017-01-01,30000,"A e"
"1242","USGS","03321500",2017-01-02,27500,"A e"
"1243","USGS","03321500",2017-01-03,24000,"A e"
"1244","USGS","03321500",2017-01-04,21800,"A e"
"1245","USGS","03321500",2017-01-05,21300,"A e"
"1246","USGS","03321500",2017-01-06,21700,"A e"
"1247","USGS","03321500",2017-01-07,21700,"A e"
"1248","USGS","03321500",2017-01-08,21400,"A e"
"1249","USGS","03321500",2017-01-09,19600,"A e"
"1250","USGS","03321500",2017-01-10,17900,"A e"
"1251","USGS","03321500",2017-01-11,16800,"A e"
"1252","USGS","03321500",2017-01-12,17100,"A e"
"1253","USGS","03321500",2017-01-13,19200,"A e"
"1254","USGS","03321500",2017-01-14,22100,"A e"
"1255","USGS","03321500",2017-01-15,25500,"A e"
"1256","USGS","03321500",2017-01-16,32100,"A e"
"1257","USGS","03321500",2017-01-17,40400,"A e"
"1258","USGS","03321500",2017-01-18,45300,"A e"
"1259","USGS","03321500",2017-01-19,47700,"A e"
"1260","USGS","03321500",2017-01-20,48500,"A e"
"1261","USGS","03321500",2017-01-21,49000,"A e"
"1262","USGS","03321500",2017-01-22,48600,"A e"
"1263","USGS","03321500",2017-01-23,46600,"A e"
"1264","USGS","03321500",2017-01-24,43800,"A e"
"1265","USGS","03321500",2017-01-25,40800,"A e"
"1266","USGS","03321500",2017-01-26,37300,"A e"
"1267","USGS","03321500",2017-01-27,36300,"A e"
"1268","USGS","03321500",2017-01-28,36200,"A e"
"1269","USGS","03321500",2017-01-29,36000,"A e"
"1270","USGS","03321500",2017-01-30,33300,"A e"
"1271","USGS","03321500",2017-01-31,29500,"A e"
"1272","USGS","03321500",2017-02-01,25600,"A e"
"1273","USGS","03321500",2017-02-02,20800,"A e"
"1274","USGS","03321500",2017-02-03,15900,"A e"
"1275","USGS","03321500",2017-02-04,12800,"A e"
"1276","USGS","03321500",2017-02-05,11200,"A e"
"1277","USGS","03321500",2017-02-06,10500,"A e"
"1278","USGS","03321500",2017-02-07,13800,"A e"
"1279","USGS","03321500",2017-02-08,17200,"A e"
"1280","USGS","03321500",2017-02-09,18400,"A e"
"1281","USGS","03321500",2017-02-10,17900,"A e"
"1282","USGS","03321500",2017-02-11,17700,"A e"
"1283","USGS","03321500",2017-02-12,18100,"A e"
"1284","USGS","03321500",2017-02-13,18500,"A e"
"1285","USGS","03321500",2017-02-14,17100,"A e"
"1286","USGS","03321500",2017-02-15,13800,"A e"
"1287","USGS","03321500",2017-02-16,10700,"A e"
"1288","USGS","03321500",2017-02-17,9330,"A"
"1289","USGS","03321500",2017-02-18,9010,"A"
"1290","USGS","03321500",2017-02-19,9260,"A"
"1291","USGS","03321500",2017-02-20,7550,"A"
"1292","USGS","03321500",2017-02-21,6200,"A"
"1293","USGS","03321500",2017-02-22,5720,"A"
"1294","USGS","03321500",2017-02-23,5360,"A"
"1295","USGS","03321500",2017-02-24,5010,"A"
"1296","USGS","03321500",2017-02-25,4710,"A R"
"1297","USGS","03321500",2017-02-26,4550,"A R"
"1298","USGS","03321500",2017-02-27,4230,"A R"
"1299","USGS","03321500",2017-02-28,5420,"A R"
"1300","USGS","03321500",2017-03-01,11600,"A"
"1301","USGS","03321500",2017-03-02,9900,"A"
"1302","USGS","03321500",2017-03-03,6700,"A"
"1303","USGS","03321500",2017-03-04,9620,"A"
"1304","USGS","03321500",2017-03-05,10000,"A"
"1305","USGS","03321500",2017-03-06,10900,"A"
"1306","USGS","03321500",2017-03-07,17800,"A"
"1307","USGS","03321500",2017-03-08,25000,"A"
"1308","USGS","03321500",2017-03-09,24700,"A"
"1309","USGS","03321500",2017-03-10,19500,"A"
"1310","USGS","03321500",2017-03-11,15900,"A"
"1311","USGS","03321500",2017-03-12,13200,"A"
"1312","USGS","03321500",2017-03-13,12100,"A"
"1313","USGS","03321500",2017-03-14,11400,"A"
"1314","USGS","03321500",2017-03-15,11600,"A"
"1315","USGS","03321500",2017-03-16,9470,"A"
"1316","USGS","03321500",2017-03-17,6970,"A"
"1317","USGS","03321500",2017-03-18,6080,"A"
"1318","USGS","03321500",2017-03-19,5860,"A"
"1319","USGS","03321500",2017-03-20,6290,"A"
"1320","USGS","03321500",2017-03-21,7240,"A"
"1321","USGS","03321500",2017-03-22,7360,"A"
"1322","USGS","03321500",2017-03-23,6850,"A"
"1323","USGS","03321500",2017-03-24,6190,"A"
"1324","USGS","03321500",2017-03-25,6860,"A"
"1325","USGS","03321500",2017-03-26,5490,"A"
"1326","USGS","03321500",2017-03-27,5000,"A"
"1327","USGS","03321500",2017-03-28,8320,"A"
"1328","USGS","03321500",2017-03-29,11100,"A"
"1329","USGS","03321500",2017-03-30,12700,"A"
"1330","USGS","03321500",2017-03-31,13600,"A"
"1331","USGS","03321500",2017-04-01,11300,"A"
"1332","USGS","03321500",2017-04-02,7320,"A"
"1333","USGS","03321500",2017-04-03,5070,"A"
"1334","USGS","03321500",2017-04-04,5020,"A"
"1335","USGS","03321500",2017-04-05,5670,"A"
"1336","USGS","03321500",2017-04-06,6440,"A"
"1337","USGS","03321500",2017-04-07,8470,"A"
"1338","USGS","03321500",2017-04-08,9550,"A"
"1339","USGS","03321500",2017-04-09,8280,"A"
"1340","USGS","03321500",2017-04-10,7280,"A"
"1341","USGS","03321500",2017-04-11,6540,"A"
"1342","USGS","03321500",2017-04-12,6320,"A"
"1343","USGS","03321500",2017-04-13,6860,"A"
"1344","USGS","03321500",2017-04-14,7710,"A"
"1345","USGS","03321500",2017-04-15,8860,"A"
"1346","USGS","03321500",2017-04-16,7670,"A"
"1347","USGS","03321500",2017-04-17,8550,"A"
"1348","USGS","03321500",2017-04-18,12900,"A"
"1349","USGS","03321500",2017-04-19,13500,"A"
"1350","USGS","03321500",2017-04-20,11400,"A"
"1351","USGS","03321500",2017-04-21,9350,"A"
"1352","USGS","03321500",2017-04-22,13100,"A"
"1353","USGS","03321500",2017-04-23,15900,"A"
"1354","USGS","03321500",2017-04-24,17500,"A"
"1355","USGS","03321500",2017-04-25,20700,"A"
"1356","USGS","03321500",2017-04-26,18900,"A"
"1357","USGS","03321500",2017-04-27,14500,"A"
"1358","USGS","03321500",2017-04-28,12500,"A"
"1359","USGS","03321500",2017-04-29,9890,"A"
"1360","USGS","03321500",2017-04-30,3680,"A"
"1361","USGS","03321500",2017-05-01,5510,"A"
"1362","USGS","03321500",2017-05-02,9490,"A"
"1363","USGS","03321500",2017-05-03,8260,"A"
"1364","USGS","03321500",2017-05-04,6570,"A"
"1365","USGS","03321500",2017-05-05,16200,"A"
"1366","USGS","03321500",2017-05-06,16000,"A"
"1367","USGS","03321500",2017-05-07,13200,"A"
"1368","USGS","03321500",2017-05-08,15300,"A"
"1369","USGS","03321500",2017-05-09,14500,"A"
"1370","USGS","03321500",2017-05-10,11000,"A"
"1371","USGS","03321500",2017-05-11,7990,"A"
"1372","USGS","03321500",2017-05-12,7180,"A"
"1373","USGS","03321500",2017-05-13,8790,"A"
"1374","USGS","03321500",2017-05-14,11400,"A"
"1375","USGS","03321500",2017-05-15,11600,"A"
"1376","USGS","03321500",2017-05-16,9750,"A"
"1377","USGS","03321500",2017-05-17,9790,"A"
"1378","USGS","03321500",2017-05-18,12000,"A"
"1379","USGS","03321500",2017-05-19,13300,"A"
"1380","USGS","03321500",2017-05-20,9790,"A"
"1381","USGS","03321500",2017-05-21,10900,"A"
"1382","USGS","03321500",2017-05-22,15800,"A"
"1383","USGS","03321500",2017-05-23,15900,"A"
"1384","USGS","03321500",2017-05-24,15300,"A"
"1385","USGS","03321500",2017-05-25,16800,"A"
"1386","USGS","03321500",2017-05-26,16300,"A"
"1387","USGS","03321500",2017-05-27,16300,"A"
"1388","USGS","03321500",2017-05-28,16100,"A"
"1389","USGS","03321500",2017-05-29,17800,"A"
"1390","USGS","03321500",2017-05-30,22500,"A"
"1391","USGS","03321500",2017-05-31,24800,"A"
"1392","USGS","03321500",2017-06-01,21400,"A"
"1393","USGS","03321500",2017-06-02,17400,"A"
"1394","USGS","03321500",2017-06-03,15800,"A"
"1395","USGS","03321500",2017-06-04,14200,"A"
"1396","USGS","03321500",2017-06-05,14900,"A"
"1397","USGS","03321500",2017-06-06,19800,"A"
"1398","USGS","03321500",2017-06-07,23700,"A"
"1399","USGS","03321500",2017-06-08,23300,"A"
"1400","USGS","03321500",2017-06-09,17900,"A"
"1401","USGS","03321500",2017-06-10,14400,"A"
"1402","USGS","03321500",2017-06-11,12100,"A"
"1403","USGS","03321500",2017-06-12,10400,"A"
"1404","USGS","03321500",2017-06-13,9270,"A"
"1405","USGS","03321500",2017-06-14,8320,"A"
"1406","USGS","03321500",2017-06-15,7420,"A"
"1407","USGS","03321500",2017-06-16,6730,"A"
"1408","USGS","03321500",2017-06-17,7270,"A"
"1409","USGS","03321500",2017-06-18,7620,"A"
"1410","USGS","03321500",2017-06-19,9580,"A"
"1411","USGS","03321500",2017-06-20,8670,"A"
"1412","USGS","03321500",2017-06-21,7090,"A e"
"1413","USGS","03321500",2017-06-22,6200,"A e"
"1414","USGS","03321500",2017-06-23,7590,"A"
"1415","USGS","03321500",2017-06-24,18100,"A"
"1416","USGS","03321500",2017-06-25,19600,"A"
"1417","USGS","03321500",2017-06-26,18000,"A"
"1418","USGS","03321500",2017-06-27,17400,"A"
"1419","USGS","03321500",2017-06-28,16400,"A"
"1420","USGS","03321500",2017-06-29,18400,"A"
"1421","USGS","03321500",2017-06-30,16000,"A"
"1422","USGS","03321500",2017-07-01,11000,"A"
"1423","USGS","03321500",2017-07-02,8310,"A"
"1424","USGS","03321500",2017-07-03,6330,"A"
"1425","USGS","03321500",2017-07-04,5690,"A"
"1426","USGS","03321500",2017-07-05,6570,"A"
"1427","USGS","03321500",2017-07-06,7100,"A"
"1428","USGS","03321500",2017-07-07,9300,"A"
"1429","USGS","03321500",2017-07-08,12000,"A"
"1430","USGS","03321500",2017-07-09,15200,"A"
"1431","USGS","03321500",2017-07-10,18000,"A"
"1432","USGS","03321500",2017-07-11,18600,"A"
"1433","USGS","03321500",2017-07-12,16000,"A"
"1434","USGS","03321500",2017-07-13,13500,"A"
"1435","USGS","03321500",2017-07-14,10600,"A"
"1436","USGS","03321500",2017-07-15,7770,"A"
"1437","USGS","03321500",2017-07-16,5740,"A"
"1438","USGS","03321500",2017-07-17,4630,"A"
"1439","USGS","03321500",2017-07-18,4790,"A R"
"1440","USGS","03321500",2017-07-19,4590,"A R"
"1441","USGS","03321500",2017-07-20,4300,"A R"
"1442","USGS","03321500",2017-07-21,4100,"A R"
"1443","USGS","03321500",2017-07-22,3860,"A R"
"1444","USGS","03321500",2017-07-23,3640,"A R"
"1445","USGS","03321500",2017-07-24,3320,"A R"
"1446","USGS","03321500",2017-07-25,2660,"A R"
"1447","USGS","03321500",2017-07-26,2280,"A R"
"1448","USGS","03321500",2017-07-27,2130,"A R"
"1449","USGS","03321500",2017-07-28,1960,"A R"
"1450","USGS","03321500",2017-07-29,1760,"A R"
"1451","USGS","03321500",2017-07-30,1660,"A R"
"1452","USGS","03321500",2017-07-31,1790,"A R"
"1453","USGS","03321500",2017-08-01,2320,"A e"
"1454","USGS","03321500",2017-08-02,2810,"A e"
"1455","USGS","03321500",2017-08-03,2550,"A e"
"1456","USGS","03321500",2017-08-04,2200,"A e"
"1457","USGS","03321500",2017-08-05,1990,"A R"
"1458","USGS","03321500",2017-08-06,1740,"A R"
"1459","USGS","03321500",2017-08-07,1840,"A R"
"1460","USGS","03321500",2017-08-08,1560,"A R"
"1461","USGS","03321500",2017-08-09,1940,"A R"
"1462","USGS","03321500",2017-08-10,2950,"A R"
"1463","USGS","03321500",2017-08-11,3430,"A R"
"1464","USGS","03321500",2017-08-12,2910,"A R"
"1465","USGS","03321500",2017-08-13,2450,"A R"
"1466","USGS","03321500",2017-08-14,2120,"A R"
"1467","USGS","03321500",2017-08-15,2110,"A R"
"1468","USGS","03321500",2017-08-16,2290,"A R"
"1469","USGS","03321500",2017-08-17,2430,"A R"
"1470","USGS","03321500",2017-08-18,2560,"A R"
"1471","USGS","03321500",2017-08-19,2290,"A R"
"1472","USGS","03321500",2017-08-20,1910,"A R"
"1473","USGS","03321500",2017-08-21,1630,"A R"
"1474","USGS","03321500",2017-08-22,1600,"A R"
"1475","USGS","03321500",2017-08-23,1630,"A R"
"1476","USGS","03321500",2017-08-24,1540,"A R"
"1477","USGS","03321500",2017-08-25,1490,"A R"
"1478","USGS","03321500",2017-08-26,1510,"A R"
"1479","USGS","03321500",2017-08-27,1490,"A R"
"1480","USGS","03321500",2017-08-28,1430,"A R"
"1481","USGS","03321500",2017-08-29,1360,"A R"
"1482","USGS","03321500",2017-08-30,1280,"A R"
"1483","USGS","03321500",2017-08-31,1240,"A R"
"1484","USGS","03321500",2017-09-01,1780,"A R"
"1485","USGS","03321500",2017-09-02,13600,"A R"
"1486","USGS","03321500",2017-09-03,30200,"A"
"1487","USGS","03321500",2017-09-04,36300,"A"
"1488","USGS","03321500",2017-09-05,38700,"A"
"1489","USGS","03321500",2017-09-06,34200,"A"
"1490","USGS","03321500",2017-09-07,26200,"A"
"1491","USGS","03321500",2017-09-08,22100,"A"
"1492","USGS","03321500",2017-09-09,20900,"A"
"1493","USGS","03321500",2017-09-10,18800,"A"
"1494","USGS","03321500",2017-09-11,15400,"A"
"1495","USGS","03321500",2017-09-12,11800,"A"
"1496","USGS","03321500",2017-09-13,8970,"A"
"1497","USGS","03321500",2017-09-14,7170,"A"
"1498","USGS","03321500",2017-09-15,6740,"A"
"1499","USGS","03321500",2017-09-16,6160,"A"
"1500","USGS","03321500",2017-09-17,5810,"A"
"1501","USGS","03321500",2017-09-18,5570,"A"
"1502","USGS","03321500",2017-09-19,8100,"A"
"1503","USGS","03321500",2017-09-20,10800,"A"
"1504","USGS","03321500",2017-09-21,8070,"A"
"1505","USGS","03321500",2017-09-22,5490,"A"
"1506","USGS","03321500",2017-09-23,4690,"A R"
"1507","USGS","03321500",2017-09-24,4180,"A R"
"1508","USGS","03321500",2017-09-25,3590,"A R"
"1509","USGS","03321500",2017-09-26,3100,"A R"
"1510","USGS","03321500",2017-09-27,2620,"A R"
"1511","USGS","03321500",2017-09-28,2330,"A R"
"1512","USGS","03321500",2017-09-29,2170,"A R"
"1513","USGS","03321500",2017-09-30,1960,"A R"
"1514","USGS","03321500",2017-10-01,1860,"A R"
"1515","USGS","03321500",2017-10-02,1700,"A R"
"1516","USGS","03321500",2017-10-03,1600,"A R"
"1517","USGS","03321500",2017-10-04,1520,"A R"
"1518","USGS","03321500",2017-10-05,1480,"A R"
"1519","USGS","03321500",2017-10-06,1430,"A R"
"1520","USGS","03321500",2017-10-07,1390,"A R"
"1521","USGS","03321500",2017-10-08,7240,"A R"
"1522","USGS","03321500",2017-10-09,23400,"A"
"1523","USGS","03321500",2017-10-10,20500,"A"
"1524","USGS","03321500",2017-10-11,24400,"A"
"1525","USGS","03321500",2017-10-12,22400,"A"
"1526","USGS","03321500",2017-10-13,20500,"A"
"1527","USGS","03321500",2017-10-14,20100,"A"
"1528","USGS","03321500",2017-10-15,19000,"A"
"1529","USGS","03321500",2017-10-16,17000,"A"
"1530","USGS","03321500",2017-10-17,13700,"A"
"1531","USGS","03321500",2017-10-18,10900,"P"
"1532","USGS","03321500",2017-10-19,9270,"P"
"1533","USGS","03321500",2017-10-20,8300,"P"
"1534","USGS","03321500",2017-10-21,7190,"P"
"1535","USGS","03321500",2017-10-22,5920,"P"
"1536","USGS","03321500",2017-10-23,7210,"P"
"1537","USGS","03321500",2017-10-24,8560,"P"
"1538","USGS","03321500",2017-10-25,6880,"P"
"1539","USGS","03321500",2017-10-26,5870,"P"
"1540","USGS","03321500",2017-10-27,6950,"P"
"1541","USGS","03321500",2017-10-28,12700,"P"
"1542","USGS","03321500",2017-10-29,16400,"P"
"1543","USGS","03321500",2017-10-30,15300,"P"
"1544","USGS","03321500",2017-10-31,14500,"P"
"1545","USGS","03321500",2017-11-01,13200,"P"
"1546","USGS","03321500",2017-11-02,12400,"P"
"1547","USGS","03321500",2017-11-03,12300,"P"
"1548","USGS","03321500",2017-11-04,11500,"P"
"1549","USGS","03321500",2017-11-05,11200,"P"
"1550","USGS","03321500",2017-11-06,14200,"P"
"1551","USGS","03321500",2017-11-07,17700,"P"
"1552","USGS","03321500",2017-11-08,16200,"P"
"1553","USGS","03321500",2017-11-09,15400,"P"
"1554","USGS","03321500",2017-11-10,14800,"P"
"1555","USGS","03321500",2017-11-11,13900,"P"
"1556","USGS","03321500",2017-11-12,14400,"P"
"1557","USGS","03321500",2017-11-13,15600,"P"
"1558","USGS","03321500",2017-11-14,12700,"P"
"1559","USGS","03321500",2017-11-15,10000,"P"
"1560","USGS","03321500",2017-11-16,9530,"P"
"1561","USGS","03321500",2017-11-17,9090,"P"
"1562","USGS","03321500",2017-11-18,8840,"P"
"1563","USGS","03321500",2017-11-19,8680,"P"
"1564","USGS","03321500",2017-11-20,9220,"P"
"1565","USGS","03321500",2017-11-21,10100,"P"
"1566","USGS","03321500",2017-11-22,10300,"P"
"1567","USGS","03321500",2017-11-23,8780,"P"
"1568","USGS","03321500",2017-11-24,9800,"P"
"1569","USGS","03321500",2017-11-25,11000,"P"
"1570","USGS","03321500",2017-11-26,10400,"P"
"1571","USGS","03321500",2017-11-27,9900,"P"
"1572","USGS","03321500",2017-11-28,9870,"P"
"1573","USGS","03321500",2017-11-29,9530,"P"
"1574","USGS","03321500",2017-11-30,9160,"P"
"1575","USGS","03321500",2017-12-01,7990,"P"
"1576","USGS","03321500",2017-12-02,7370,"P"
"1577","USGS","03321500",2017-12-03,7160,"P"
"1578","USGS","03321500",2017-12-04,7100,"P"
"1579","USGS","03321500",2017-12-05,8100,"P"
"1580","USGS","03321500",2017-12-07,6720,"P"
"1581","USGS","03321500",2017-12-08,5880,"P"
"1582","USGS","03321500",2017-12-09,5610,"P"
"1583","USGS","03321500",2017-12-10,5110,"P"
"1584","USGS","03321500",2017-12-11,4650,"P"
"1585","USGS","03321500",2017-12-12,4200,"P"
"1586","USGS","03321500",2017-12-13,4540,"P"
"1587","USGS","03321500",2017-12-14,4340,"P"
"1588","USGS","03321500",2017-12-15,4220,"P"
"1589","USGS","03321500",2017-12-16,3850,"P"
"1590","USGS","03321500",2017-12-17,3350,"P"
"1591","USGS","03321500",2017-12-18,2880,"P"
"1592","USGS","03321500",2017-12-19,2510,"P"
"1593","USGS","03321500",2017-12-20,2290,"P"
"1594","USGS","03321500",2017-12-21,2240,"P"
"1595","USGS","03321500",2017-12-22,2170,"P"
"1596","USGS","03321500",2017-12-23,12300,"P"
"1597","USGS","03321500",2017-12-24,26500,"P"
"1598","USGS","03321500",2017-12-25,33300,"P"
"1599","USGS","03321500",2017-12-26,38500,"P"
"1600","USGS","03321500",2017-12-27,39800,"P"
"1601","USGS","03321500",2017-12-28,35600,"P"
"1602","USGS","03321500",2017-12-29,29200,"P"
"1603","USGS","03321500",2017-12-30,25200,"P"
"1604","USGS","03321500",2017-12-31,22100,"P"
"1605","USGS","03321500",2018-01-01,20100,"P"
"1606","USGS","03321500",2018-01-02,17500,"P"
"1607","USGS","03321500",2018-01-03,14400,"P"
"1608","USGS","03321500",2018-01-04,12000,"P"
"1609","USGS","03321500",2018-01-05,9370,"P"
"1610","USGS","03321500",2018-01-06,7640,"P"
"1611","USGS","03321500",2018-01-07,6540,"P"
"1612","USGS","03321500",2018-01-08,5450,"P"
"1613","USGS","03321500",2018-01-09,4510,"P"
"1614","USGS","03321500",2018-01-10,4300,"P"
"1615","USGS","03321500",2018-01-11,4500,"P"
"1616","USGS","03321500",2018-01-12,12300,"P"
"1617","USGS","03321500",2018-01-16,6160,"P"
"1618","USGS","03321500",2018-01-17,5190,"P"
"1619","USGS","03321500",2018-01-18,7030,"P"
"1620","USGS","03321500",2018-01-19,10700,"P"
"1621","USGS","03321500",2018-01-20,13200,"P"
"1622","USGS","03321500",2018-01-21,15600,"P"
"1623","USGS","03321500",2018-01-22,20500,"P"
"1624","USGS","03321500",2018-01-23,21400,"P"
"1625","USGS","03321500",2018-01-24,17900,"P"
"1626","USGS","03321500",2018-01-25,16100,"P"
"1627","USGS","03321500",2018-01-26,14600,"P"
"1628","USGS","03321500",2018-01-27,13300,"P"
"1629","USGS","03321500",2018-01-28,15200,"P"
"1630","USGS","03321500",2018-01-29,17500,"P"
"1631","USGS","03321500",2018-01-30,18600,"P"
"1632","USGS","03321500",2018-01-31,17700,"P"
"1633","USGS","03321500",2018-02-01,16900,"P"
"1634","USGS","03321500",2018-02-02,16800,"P"
"1635","USGS","03321500",2018-02-03,15600,"P"
"1636","USGS","03321500",2018-02-04,13100,"P"
"1637","USGS","03321500",2018-02-05,12100,"P"
"1638","USGS","03321500",2018-02-06,11100,"P"
"1639","USGS","03321500",2018-02-07,13800,"P"
"1640","USGS","03321500",2018-02-08,20600,"P"
"1641","USGS","03321500",2018-02-09,23900,"P"
"1642","USGS","03321500",2018-02-10,27000,"P"
"1643","USGS","03321500",2018-02-11,29700,"P"
"1644","USGS","03321500",2018-02-12,34400,"P"
"1645","USGS","03321500",2018-02-13,36500,"P"
"1646","USGS","03321500",2018-02-14,36500,"P"
"1647","USGS","03321500",2018-02-15,34400,"P"
"1648","USGS","03321500",2018-02-16,33700,"P"
"1649","USGS","03321500",2018-02-17,31400,"P"
"1650","USGS","03321500",2018-02-18,31000,"P"
"1651","USGS","03321500",2018-02-19,28900,"P"
"1652","USGS","03321500",2018-02-20,30600,"P"
"1653","USGS","03321500",2018-02-21,33400,"P"
"1654","USGS","03321500",2018-02-22,36800,"P"
"1655","USGS","03321500",2018-02-23,39900,"P"
"1656","USGS","03321500",2018-02-24,40600,"P"
"1657","USGS","03321500",2018-02-26,41200,"P"
"1658","USGS","03321500",2018-02-27,44500,"P"
"1659","USGS","03321500",2018-02-28,49200,"P"
"1660","USGS","03321500",2018-03-01,54700,"P"
"1661","USGS","03321500",2018-03-02,55800,"P"
"1662","USGS","03321500",2018-03-03,61100,"P"
"1663","USGS","03321500",2018-03-04,63900,"P"
"1664","USGS","03321500",2018-03-05,66600,"P"
"1665","USGS","03321500",2018-03-06,66200,"P"
"1666","USGS","03321500",2018-03-07,63900,"P"
"1667","USGS","03321500",2018-03-08,60300,"P"
"1668","USGS","03321500",2018-03-09,56900,"P"
"1669","USGS","03321500",2018-03-10,54700,"P"
"1670","USGS","03321500",2018-03-11,50600,"P"
"1671","USGS","03321500",2018-03-12,46100,"P"
"1672","USGS","03321500",2018-03-13,44000,"P"
"1673","USGS","03321500",2018-03-14,40500,"P"
"1674","USGS","03321500",2018-03-15,37600,"P"
"1675","USGS","03321500",2018-03-16,35300,"P"
"1676","USGS","03321500",2018-03-17,31200,"P"
"1677","USGS","03321500",2018-03-18,29300,"P"
"1678","USGS","03321500",2018-03-19,28400,"P"
"1679","USGS","03321500",2018-03-20,27800,"P"
"1680","USGS","03321500",2018-03-21,27600,"P"
"1681","USGS","03321500",2018-03-22,28200,"P"
"1682","USGS","03321500",2018-03-23,26700,"P"
"1683","USGS","03321500",2018-03-24,26300,"P"
"1684","USGS","03321500",2018-03-25,28600,"P"
"1685","USGS","03321500",2018-03-26,28100,"P"
"1686","USGS","03321500",2018-03-27,31300,"P"
"1687","USGS","03321500",2018-03-28,33600,"P"
"1688","USGS","03321500",2018-03-29,34200,"P"
"1689","USGS","03321500",2018-03-30,38200,"P"
"1690","USGS","03321500",2018-03-31,35600,"P"
"1691","USGS","03321500",2018-04-01,37200,"P"
"1692","USGS","03321500",2018-04-02,41100,"P"
"1693","USGS","03321500",2018-04-03,36700,"P"
"1694","USGS","03321500",2018-04-04,37800,"P"
"1695","USGS","03321500",2018-04-05,33200,"P"
"1696","USGS","03321500",2018-04-06,29800,"P"
"1697","USGS","03321500",2018-04-07,30700,"P"
"1698","USGS","03321500",2018-04-08,30000,"P"
"1699","USGS","03321500",2018-04-09,29300,"P"
"1700","USGS","03321500",2018-04-10,29900,"P"
"1701","USGS","03321500",2018-04-11,31300,"P"
"1702","USGS","03321500",2018-04-12,33500,"P"
"1703","USGS","03321500",2018-04-13,37800,"P"
"1704","USGS","03321500",2018-04-14,42800,"P"
"1705","USGS","03321500",2018-04-15,41400,"P"
"1706","USGS","03321500",2018-04-16,37000,"P"
"1707","USGS","03321500",2018-04-18,29800,"P"
"1708","USGS","03321500",2018-04-19,27400,"P"
"1709","USGS","03321500",2018-04-20,24000,"P"
"1710","USGS","03321500",2018-04-21,21500,"P"
"1711","USGS","03321500",2018-04-22,20300,"P"
"1712","USGS","03321500",2018-04-23,22100,"P"
"1713","USGS","03321500",2018-04-24,28300,"P"
"1714","USGS","03321500",2018-04-25,33800,"P"
"1715","USGS","03321500",2018-04-26,33600,"P"
"1716","USGS","03321500",2018-04-27,29900,"P"
"1717","USGS","03321500",2018-04-28,26000,"P"
"1718","USGS","03321500",2018-04-29,23200,"P"
"1719","USGS","03321500",2018-04-30,21400,"P"
"1720","USGS","03321500",2018-05-01,20600,"P"
"1721","USGS","03321500",2018-05-02,18800,"P"
"1722","USGS","03321500",2018-05-03,14400,"P"
"1723","USGS","03321500",2018-05-04,12100,"P"
"1724","USGS","03321500",2018-05-05,11400,"P"
"1725","USGS","03321500",2018-05-06,14200,"P"
"1726","USGS","03321500",2018-05-07,17600,"P"
"1727","USGS","03321500",2018-05-08,21000,"P"
"1728","USGS","03321500",2018-05-09,19200,"P"
"1729","USGS","03321500",2018-05-10,16900,"P"
"1730","USGS","03321500",2018-05-11,16400,"P"
"1731","USGS","03321500",2018-05-12,18400,"P"
"1732","USGS","03321500",2018-05-13,18800,"P"
"1733","USGS","03321500",2018-05-14,14500,"P"
"1734","USGS","03321500",2018-05-15,12000,"P"
"1735","USGS","03321500",2018-05-16,10800,"P"
"1736","USGS","03321500",2018-05-17,9960,"P"
"1737","USGS","03321500",2018-05-18,11700,"P"
"1738","USGS","03321500",2018-05-19,17400,"P"
"1739","USGS","03321500",2018-05-20,14100,"P"
"1740","USGS","03321500",2018-05-21,14500,"P"
"1741","USGS","03321500",2018-05-22,16200,"P"
"1742","USGS","03321500",2018-05-23,15600,"P"
"1743","USGS","03321500",2018-05-24,11000,"P"
"1744","USGS","03321500",2018-05-25,9200,"P"
"1745","USGS","03321500",2018-05-26,8520,"P"
"1746","USGS","03321500",2018-05-27,6860,"P"
"1747","USGS","03321500",2018-05-28,6970,"P"
"1748","USGS","03321500",2018-05-29,6800,"P"
"1749","USGS","03321500",2018-05-30,8900,"P"
"1750","USGS","03321500",2018-05-31,10800,"P"
"1751","USGS","03321500",2018-06-01,9010,"P"
"1752","USGS","03321500",2018-06-02,7510,"P"
"1753","USGS","03321500",2018-06-03,8580,"P"
"1754","USGS","03321500",2018-06-04,11700,"P"
"1755","USGS","03321500",2018-06-05,12900,"P"
"1756","USGS","03321500",2018-06-06,11800,"P"
"1757","USGS","03321500",2018-06-07,10300,"P"
"1758","USGS","03321500",2018-06-08,9300,"P"
"1759","USGS","03321500",2018-06-09,8510,"P"
"1760","USGS","03321500",2018-06-10,6240,"P"
"1761","USGS","03321500",2018-06-11,5360,"P"
"1762","USGS","03321500",2018-06-12,4760,"P"
"1763","USGS","03321500",2018-06-13,4880,"P"
"1764","USGS","03321500",2018-06-14,6560,"P"
"1765","USGS","03321500",2018-06-15,5600,"P"
"1766","USGS","03321500",2018-06-17,4520,"P"
"1767","USGS","03321500",2018-06-18,4410,"P"
"1768","USGS","03321500",2018-06-19,3430,"P"
"1769","USGS","03321500",2018-06-20,2750,"P"
"1770","USGS","03321500",2018-06-21,2510,"P"
"1771","USGS","03321500",2018-06-22,2610,"P"
"1772","USGS","03321500",2018-06-23,2890,"P"
"1773","USGS","03321500",2018-06-24,2970,"P"
"1774","USGS","03321500",2018-06-25,7240,"P"
"1775","USGS","03321500",2018-06-26,9530,"P"
"1776","USGS","03321500",2018-06-27,17600,"P"
"1777","USGS","03321500",2018-06-28,16900,"P"
"1778","USGS","03321500",2018-06-29,22000,"P"
"1779","USGS","03321500",2018-06-30,23000,"P"
"1780","USGS","03321500",2018-07-01,22800,"P"
"1781","USGS","03321500",2018-07-02,24100,"P"
"1782","USGS","03321500",2018-07-03,21500,"P"
"1783","USGS","03321500",2018-07-04,17400,"P"
"1784","USGS","03321500",2018-07-05,14600,"P"
"1785","USGS","03321500",2018-07-06,12500,"P"
"1786","USGS","03321500",2018-07-07,10500,"P"
"1787","USGS","03321500",2018-07-08,8440,"P"
"1788","USGS","03321500",2018-07-09,6070,"P"
"1789","USGS","03321500",2018-07-10,4630,"P"
"1790","USGS","03321500",2018-07-11,4630,"P"
"1791","USGS","03321500",2018-07-12,4240,"P"
"1792","USGS","03321500",2018-07-13,3750,"P"
"1793","USGS","03321500",2018-07-14,3110,"P"
"1794","USGS","03321500",2018-07-15,2590,"P"
"1795","USGS","03321500",2018-07-16,2460,"P"
"1796","USGS","03321500",2018-07-17,2320,"P"
"1797","USGS","03321500",2018-07-18,2440,"P"
"1798","USGS","03321500",2018-07-19,2430,"P"
"1799","USGS","03321500",2018-07-20,2190,"P"
"1800","USGS","03321500",2018-07-21,1770,"P"
"1801","USGS","03321500",2018-07-22,1930,"P"
"1802","USGS","03321500",2018-07-23,3050,"P"
"1803","USGS","03321500",2018-07-24,3970,"P"
"1804","USGS","03321500",2018-07-25,4030,"P"
"1805","USGS","03321500",2018-07-26,3800,"P"
"1806","USGS","03321500",2018-07-27,3210,"P"
"1807","USGS","03321500",2018-07-28,2600,"P"
"1808","USGS","03321500",2018-07-29,2110,"P"
"1809","USGS","03321500",2018-07-30,1780,"P"
"1810","USGS","03321500",2018-07-31,1770,"P"
"1811","USGS","03321500",2018-08-01,2240,"P"
"1812","USGS","03321500",2018-08-02,2050,"P"
"1813","USGS","03321500",2018-08-03,1590,"P"
"1814","USGS","03321500",2018-08-04,1440,"P"
"1815","USGS","03321500",2018-08-05,1520,"P"
"1816","USGS","03321500",2018-08-06,2200,"P"
"1817","USGS","03321500",2018-08-07,2120,"P"
"1818","USGS","03321500",2018-08-08,1800,"P"
"1819","USGS","03321500",2018-08-09,1660,"P"
"1820","USGS","03321500",2018-08-10,1500,"P"
"1821","USGS","03321500",2018-08-11,1470,"P"
"1822","USGS","03321500",2018-08-12,1790,"P"
"1823","USGS","03321500",2018-08-13,2280,"P"
"1824","USGS","03321500",2018-08-14,2400,"P"
"1825","USGS","03321500",2018-08-15,2300,"P"
"1826","USGS","03321500",2018-08-16,2350,"P"
"1827","USGS","03321500",2018-08-17,2480,"P"
"1828","USGS","03321500",2018-08-18,2690,"P"
"1829","USGS","03321500",2018-08-19,3150,"P"
"1830","USGS","03321500",2018-08-20,4110,"P"
"1831","USGS","03321500",2018-08-21,4600,"P"
"1832","USGS","03321500",2018-08-22,4780,"P"
"1833","USGS","03321500",2018-08-23,4810,"P"
"1834","USGS","03321500",2018-08-24,4310,"P"
"1835","USGS","03321500",2018-08-25,4650,"P"
"1836","USGS","03321500",2018-08-26,3430,"P"
"1837","USGS","03321500",2018-08-27,2580,"P"
"1838","USGS","03321500",2018-08-28,2040,"P"
"1839","USGS","03321500",2018-08-29,1760,"P"
"1840","USGS","03321500",2018-08-30,1580,"P"
"1841","USGS","03321500",2018-08-31,1530,"P"
"1842","USGS","03321500",2018-09-01,1700,"P"
"1843","USGS","03321500",2018-09-02,1630,"P"
"1844","USGS","03321500",2018-09-03,1480,"P"
"1845","USGS","03321500",2018-09-04,1370,"P"
"1846","USGS","03321500",2018-09-05,1260,"P"
"1847","USGS","03321500",2018-09-06,1190,"P"
"1848","USGS","03321500",2018-09-07,1260,"P"
"1849","USGS","03321500",2018-09-08,2260,"P"
"1850","USGS","03321500",2018-09-09,NA,"P Bkw"
"1851","USGS","03321500",2018-09-10,NA,"P Bkw"
"1852","USGS","03321500",2018-09-11,NA,"P Bkw"
"1853","USGS","03321500",2018-09-12,NA,"P Bkw"
"1854","USGS","03321500",2018-09-13,NA,"P Bkw"
"1855","USGS","03321500",2018-09-14,NA,"P Bkw"
"1856","USGS","03321500",2018-09-15,NA,"P Bkw"
"1857","USGS","03321500",2018-09-16,4940,"P"
"1858","USGS","03321500",2018-09-17,10600,"P"
"1859","USGS","03321500",2018-09-18,10600,"P"
"1860","USGS","03321500",2018-09-19,6530,"P"
"1861","USGS","03321500",2018-09-21,-296,"P"
"1862","USGS","03321500",2018-09-22,421,"P"
"1863","USGS","03321500",2018-09-23,2760,"P"
"1864","USGS","03321500",2018-09-24,7140,"P"
"1865","USGS","03321500",2018-09-25,5530,"P"
"1866","USGS","03321500",2018-09-26,7000,"P"
"1867","USGS","03321500",2018-09-27,12000,"P"
"1868","USGS","03321500",2018-09-28,12100,"P"
"1869","USGS","03321500",2018-09-29,12000,"P"
"1870","USGS","03321500",2018-09-30,11400,"P"
